Material,TYear,TMonth,Actual Sales,Projected Sales
0!213321F11041010905!!!!!!!,2018,2,61.0,86.0
0!213321F11041010905!!!!!!!,2018,3,197.0,300.0
0!213321F11041010905!!!!!!!,2018,4,536.0,463.0
0!213321F11041010905!!!!!!!,2018,5,215.0,203.0
0!213321F11041010905!!!!!!!,2018,6,154.0,131.0
0!213321F11041010905!!!!!!!,2018,7,41.0,16.0
0!213321F11041010905!!!!!!!,2018,8,0.0,2.0
0!213321F11041010905!!!!!!!,2018,9,0.0,3.0
0!213321F11041010905!!!!!!!,2018,10,0.0,2.0
0!213321F11041010905!!!!!!!,2018,11,0.0,3.0
0!213321F11041010905!!!!!!!,2018,12,0.0,1.0
0!213321F11041010905!!!!!!!,2019,1,0.0,29.0
0!213321F11041010905!!!!!!!,2019,2,1.0,8.0
0!213321F11041010905!!!!!!!,2019,3,0.0,0.0
0!213321F11041010905!!!!!!!,2019,4,0.0,0.0
0!213321F11041010905!!!!!!!,2019,5,0.0,0.0
0!213321F11041010905!!!!!!!,2019,6,0.0,3.0
0!213321F11041010905!!!!!!!,2019,7,0.0,2.0
0!213321F11041010905!!!!!!!,2019,8,0.0,4.0
0!213321F11041010905!!!!!!!,2019,9,0.0,2.0
0!213321F11041010905!!!!!!!,2019,10,0.0,2.0
0!213321F11041010905!!!!!!!,2019,11,0.0,2.0
0!213321F11041010905!!!!!!!,2019,12,2.0,1.0
0!213321F11041010905!!!!!!!,2020,1,0.0,0.0
0!213321F11041010905!!!!!!!,2020,2,0.0,0.0
0!213321F11041010905!!!!!!!,2020,3,0.0,0.0
0!213321F11041010905!!!!!!!,2020,4,0.0,0.0
0!213321F11041010905!!!!!!!,2020,5,0.0,0.0
0!213321F11041010905!!!!!!!,2020,6,0.0,0.0
0!213321F11041010905!!!!!!!,2020,7,1.0,4.0
0!213321F11041010905!!!!!!!,2020,8,0.0,2.0
0!213321F11041011130!!!!!!!,2018,2,21.0,210.0
0!213321F11041011130!!!!!!!,2018,3,61.0,395.0
0!213321F11041011130!!!!!!!,2018,4,128.0,278.0
0!213321F11041011130!!!!!!!,2018,5,193.0,318.0
0!213321F11041011130!!!!!!!,2018,6,425.0,341.0
0!213321F11041011130!!!!!!!,2018,7,325.0,184.0
0!213321F11041011130!!!!!!!,2018,8,6.0,21.0
0!213321F11041011130!!!!!!!,2018,9,1.0,45.0
0!213321F11041011130!!!!!!!,2018,10,3.0,10.0
0!213321F11041011130!!!!!!!,2018,11,7.0,12.0
0!213321F11041011130!!!!!!!,2018,12,14.0,12.0
0!213321F11041011130!!!!!!!,2019,1,172.0,152.0
0!213321F11041011130!!!!!!!,2019,2,366.0,326.0
0!213321F11041011130!!!!!!!,2019,3,166.0,236.0
0!213321F11041011130!!!!!!!,2019,4,233.0,286.0
0!213321F11041011130!!!!!!!,2019,5,40.0,57.0
0!213321F11041011130!!!!!!!,2019,6,34.0,47.0
0!213321F11041011130!!!!!!!,2019,7,7.0,44.0
0!213321F11041011130!!!!!!!,2019,8,182.0,157.0
0!213321F11041011130!!!!!!!,2019,9,2.0,10.0
0!213321F11041011130!!!!!!!,2019,10,1.0,11.0
0!213321F11041011130!!!!!!!,2019,11,0.0,0.0
0!213321F11041011130!!!!!!!,2019,12,1.0,0.0
0!213321F11041011130!!!!!!!,2020,1,21.0,63.0
0!213321F11041011130!!!!!!!,2020,2,23.0,27.0
0!213321F11041011130!!!!!!!,2020,3,25.0,29.0
0!213321F11041011130!!!!!!!,2020,4,7.0,2.0
0!213321F11041011130!!!!!!!,2020,5,128.0,157.0
0!213321F11041011130!!!!!!!,2020,6,290.0,240.0
0!213321F11041011130!!!!!!!,2020,7,181.0,123.0
0!213321F11041011130!!!!!!!,2020,8,1.0,0.0
0!213321F11041011130!!!!!!!,2020,9,0.0,-0.0
0!213321F11041011130!!!!!!!,2020,10,0.0,0.0
0!213321F11041011130!!!!!!!,2020,11,0.0,0.0
0!213321F11041011130!!!!!!!,2020,12,0.0,0.0
0!213321F11041011130!!!!!!!,2021,1,0.0,-0.0
0!213321F11041011130!!!!!!!,2021,2,0.0,2.0
0!213321F11041011130!!!!!!!,2021,3,6.0,1.0
0!213321F11041013930!!!!!!!,2018,2,686.0,1215.0
0!213321F11041013930!!!!!!!,2018,3,1607.0,1589.0
0!213321F11041013930!!!!!!!,2018,4,3853.0,2277.0
0!213321F11041013930!!!!!!!,2018,5,2015.0,1603.0
0!213321F11041013930!!!!!!!,2018,6,591.0,469.0
0!213321F11041013930!!!!!!!,2018,7,1463.0,1376.0
0!213321F11041013930!!!!!!!,2018,8,255.0,222.0
0!213321F11041013930!!!!!!!,2018,9,-4.0,54.0
0!213321F11041013930!!!!!!!,2018,10,7.0,57.0
0!213321F11041013930!!!!!!!,2018,11,117.0,486.0
0!213321F11041013930!!!!!!!,2018,12,225.0,414.0
0!213321F11041013930!!!!!!!,2019,1,1373.0,1411.0
0!213321F11041013930!!!!!!!,2019,2,516.0,473.0
0!213321F11041013930!!!!!!!,2019,3,379.0,594.0
0!213321F11041013930!!!!!!!,2019,4,1617.0,2141.0
0!213321F11041013930!!!!!!!,2019,5,996.0,763.0
0!213321F11041013930!!!!!!!,2019,6,760.0,979.0
0!213321F11041013930!!!!!!!,2019,7,1232.0,978.0
0!213321F11041013930!!!!!!!,2019,8,667.0,664.0
0!213321F11041013930!!!!!!!,2019,9,57.0,112.0
0!213321F11041013930!!!!!!!,2019,10,4.0,94.0
0!213321F11041013930!!!!!!!,2019,11,10.0,81.0
0!213321F11041013930!!!!!!!,2019,12,299.0,189.0
0!213321F11041013930!!!!!!!,2020,1,1603.0,1283.0
0!213321F11041013930!!!!!!!,2020,2,629.0,497.0
0!213321F11041013930!!!!!!!,2020,3,0.0,19.0
0!213321F11041013930!!!!!!!,2020,4,2.0,28.0
0!213321F11041013930!!!!!!!,2020,5,1.0,20.0
0!213321F11041013930!!!!!!!,2020,6,629.0,1065.0
0!213321F11041013930!!!!!!!,2020,7,1020.0,939.0
0!213321F11041013930!!!!!!!,2020,8,798.0,845.0
0!213321F11041013930!!!!!!!,2020,9,203.0,196.0
0!213321F11041013930!!!!!!!,2020,10,8.0,16.0
0!213321F11041013930!!!!!!!,2020,11,3.0,17.0
0!213321F11041013930!!!!!!!,2020,12,19.0,37.0
0!213321F11041013930!!!!!!!,2021,1,1816.0,1586.0
0!213321F11041013930!!!!!!!,2021,2,1825.0,1787.0
0!213321F11041013930!!!!!!!,2021,3,4780.0,2887.0
0!213321F11041013930!!!!!!!,2021,4,46.0,121.0
0!213321F11041013930!!!!!!!,2021,5,17.0,40.0
0!213321F11041013930!!!!!!!,2021,6,0.0,32.0
0!213321F11041013930!!!!!!!,2021,7,-1.0,23.0
0!213321F11041013930!!!!!!!,2021,8,-1.0,24.0
0!213321F11041013930!!!!!!!,2021,9,-1.0,23.0
0!213321F11041013930!!!!!!!,2021,10,0.0,15.0
0!213321F11041013930!!!!!!!,2021,11,0.0,27.0
0!213321F11041013930!!!!!!!,2021,12,0.0,19.0
0!213321F11041013930!!!!!!!,2022,1,0.0,32.0
0!213321F11041013930!!!!!!!,2022,2,607.0,870.0
0!213321F11041013930!!!!!!!,2022,3,1228.0,1421.0
0!213321F11041013930!!!!!!!,2022,4,1251.0,760.0
0!213321F11041013930!!!!!!!,2022,5,,285.0
0!213321F11041013930!!!!!!!,2022,6,,40.0
0!213321F11041013930!!!!!!!,2022,7,,21.0
0!213321F11041013930!!!!!!!,2022,8,,22.0
0!213321F11041009430!!!!!!!,2018,2,192.0,195.0
0!213321F11041009430!!!!!!!,2018,3,326.0,321.0
0!213321F11041009430!!!!!!!,2018,4,478.0,417.0
0!213321F11041009430!!!!!!!,2018,5,535.0,481.0
0!213321F11041009430!!!!!!!,2018,6,294.0,228.0
0!213321F11041009430!!!!!!!,2018,7,33.0,47.0
0!213321F11041009430!!!!!!!,2018,8,0.0,5.0
0!213321F11041009430!!!!!!!,2018,9,3.0,5.0
0!213321F11041009430!!!!!!!,2018,10,0.0,5.0
0!213321F11041009430!!!!!!!,2018,11,21.0,0.0
0!213321F11041009430!!!!!!!,2018,12,8.0,14.0
0!213321F11041009430!!!!!!!,2019,1,502.0,453.0
0!213321F11041009430!!!!!!!,2019,2,77.0,75.0
0!213321F11041009430!!!!!!!,2019,3,33.0,112.0
0!213321F11041009430!!!!!!!,2019,4,55.0,121.0
0!213321F11041009430!!!!!!!,2019,5,48.0,70.0
0!213321F11041009430!!!!!!!,2019,6,271.0,196.0
0!213321F11041009430!!!!!!!,2019,7,14.0,121.0
0!213321F11041009430!!!!!!!,2019,8,388.0,326.0
0!213321F11041009430!!!!!!!,2019,9,4.0,15.0
0!213321F11041009430!!!!!!!,2019,10,20.0,51.0
0!213321F11041009430!!!!!!!,2019,11,10.0,36.0
0!213321F11041009430!!!!!!!,2019,12,144.0,80.0
0!213321F11041009430!!!!!!!,2020,1,59.0,131.0
0!213321F11041009430!!!!!!!,2020,2,40.0,79.0
0!213321F11041009430!!!!!!!,2020,3,17.0,73.0
0!213321F11041009430!!!!!!!,2020,4,5.0,23.0
0!213321F11041009430!!!!!!!,2020,5,243.0,177.0
0!213321F11041009430!!!!!!!,2020,6,45.0,24.0
0!213321F11041009100!!!!!!!,2018,2,9.0,0.0
0!213321F11041009100!!!!!!!,2018,3,1.0,25.0
0!213321F11041009100!!!!!!!,2018,4,3.0,107.0
0!213321F11041009100!!!!!!!,2018,5,7.0,41.0
0!213321F11041009100!!!!!!!,2018,6,17.0,22.0
0!213321F11041009100!!!!!!!,2018,7,2.0,23.0
0!213321F11041009100!!!!!!!,2018,8,1.0,13.0
0!213321F11041009100!!!!!!!,2018,9,0.0,8.0
0!213321F11041009100!!!!!!!,2018,10,0.0,9.0
0!213321F11041009100!!!!!!!,2018,11,0.0,12.0
0!213321F11041009100!!!!!!!,2018,12,0.0,0.0
0!213321F11041009100!!!!!!!,2019,1,205.0,129.0
0!213321F11041009100!!!!!!!,2019,2,429.0,251.0
0!213321F11041009100!!!!!!!,2019,3,96.0,66.0
0!213321F11041009100!!!!!!!,2019,4,16.0,20.0
0!213321F11041009100!!!!!!!,2019,5,7.0,13.0
0!213321F11041009100!!!!!!!,2019,6,0.0,24.0
0!213321F11041009100!!!!!!!,2019,7,0.0,15.0
0!213321F11041009100!!!!!!!,2019,8,0.0,20.0
0!213321F11041009100!!!!!!!,2019,9,0.0,6.0
0!213321F11041009100!!!!!!!,2019,10,0.0,5.0
0!213321F11041009100!!!!!!!,2019,11,4.0,4.0
0!213321F11041009100!!!!!!!,2019,12,0.0,6.0
0!213321F11041009100!!!!!!!,2020,1,0.0,2.0
0!213321F11041009100!!!!!!!,2020,2,5.0,19.0
0!213321F11041009100!!!!!!!,2020,3,25.0,12.0
0!213321F11041009100!!!!!!!,2020,4,0.0,10.0
0!213321F11041009100!!!!!!!,2020,5,6.0,15.0
0!213321F11041009100!!!!!!!,2020,6,3.0,11.0
0!213321F11041009100!!!!!!!,2020,7,16.0,22.0
0!213321F11041009100!!!!!!!,2020,8,4.0,18.0
0!213321F11041009100!!!!!!!,2020,9,0.0,2.0
0!213321F11041009100!!!!!!!,2020,10,0.0,3.0
0!213321F11041009100!!!!!!!,2020,11,8.0,3.0
0!213321F11041009100!!!!!!!,2020,12,16.0,2.0
0!213321F11041009100!!!!!!!,2021,1,52.0,8.0
0!213321F11041009100!!!!!!!,2021,2,0.0,2.0
0!213321F11041009100!!!!!!!,2021,3,1.0,0.0
0!213321F11041009200!!!!!!!,2018,2,0.0,1.0
0!213321F11041009200!!!!!!!,2018,3,0.0,0.0
0!213321F11041009200!!!!!!!,2018,4,0.0,15.0
0!213321F11041009200!!!!!!!,2018,5,0.0,4.0
0!213321F11041009200!!!!!!!,2018,6,0.0,4.0
0!213321F11041009200!!!!!!!,2018,7,0.0,2.0
0!213321F11041009200!!!!!!!,2018,8,0.0,-0.0
0!213321F11041009200!!!!!!!,2018,9,1.0,0.0
0!213321F11041009200!!!!!!!,2018,10,0.0,-0.0
0!213321F11041009200!!!!!!!,2018,11,0.0,0.0
0!213321F11041009200!!!!!!!,2018,12,0.0,0.0
0!213321F11041009200!!!!!!!,2019,1,0.0,13.0
0!213321F11041009200!!!!!!!,2019,2,0.0,5.0
0!213321F11041009200!!!!!!!,2019,3,0.0,0.0
0!213321F11041009200!!!!!!!,2019,4,0.0,0.0
0!213321F11041009200!!!!!!!,2019,5,0.0,0.0
0!213321F11041009200!!!!!!!,2019,6,0.0,0.0
0!213321F11041009200!!!!!!!,2019,7,0.0,1.0
0!213321F11041009200!!!!!!!,2019,8,0.0,2.0
0!213321F11041009200!!!!!!!,2019,9,0.0,0.0
0!213321F11041009200!!!!!!!,2019,10,0.0,0.0
0!213321F11041009200!!!!!!!,2019,11,0.0,-0.0
0!213321F11041009200!!!!!!!,2019,12,0.0,0.0
0!213321F11041009200!!!!!!!,2020,1,0.0,0.0
0!213321F11041009200!!!!!!!,2020,2,0.0,1.0
0!213321F11041009200!!!!!!!,2020,3,0.0,0.0
0!213321F11041009200!!!!!!!,2020,4,0.0,-0.0
0!213321F11041009200!!!!!!!,2020,5,0.0,0.0
0!213321F11041009200!!!!!!!,2020,6,0.0,0.0
0!213321F11041009200!!!!!!!,2020,7,0.0,3.0
0!213321F11041009200!!!!!!!,2020,8,0.0,2.0
0!213321F11041009200!!!!!!!,2020,9,0.0,-0.0
0!213321F11041009200!!!!!!!,2020,10,0.0,0.0
0!213321F11041009200!!!!!!!,2020,11,0.0,0.0
0!213321F11041009200!!!!!!!,2020,12,0.0,0.0
0!213321F11041009200!!!!!!!,2021,1,0.0,2.0
0!213321F11041009200!!!!!!!,2021,2,0.0,2.0
0!213321F11041009200!!!!!!!,2021,3,6.0,5.0
0!213321F11041008800!!!!!!!,2018,2,0.0,0.0
0!213321F11041008800!!!!!!!,2018,3,0.0,0.0
0!213321F11041008800!!!!!!!,2018,4,0.0,17.0
0!213321F11041008800!!!!!!!,2018,5,0.0,-0.0
0!213321F11041008800!!!!!!!,2018,6,0.0,2.0
0!213321F11041008800!!!!!!!,2018,7,0.0,2.0
0!213321F11041008800!!!!!!!,2018,8,0.0,0.0
0!213321F11041008800!!!!!!!,2018,9,0.0,1.0
0!213321F11041008800!!!!!!!,2018,10,0.0,0.0
0!213321F11041008800!!!!!!!,2018,11,0.0,1.0
0!213321F11041008800!!!!!!!,2018,12,0.0,1.0
0!213321F11041008800!!!!!!!,2019,1,0.0,19.0
0!213321F11041008800!!!!!!!,2019,2,0.0,2.0
0!213321F11041008800!!!!!!!,2019,3,0.0,1.0
0!213321F11041008800!!!!!!!,2019,4,0.0,0.0
0!213321F11041008800!!!!!!!,2019,5,0.0,-0.0
0!213321F11041008800!!!!!!!,2019,6,0.0,1.0
0!213321F11041008800!!!!!!!,2019,7,0.0,0.0
0!213321F11041008800!!!!!!!,2019,8,0.0,2.0
0!213321F11041008800!!!!!!!,2019,9,0.0,1.0
0!213321F11041008800!!!!!!!,2019,10,0.0,1.0
0!213321F11041008800!!!!!!!,2019,11,0.0,1.0
0!213321F11041008800!!!!!!!,2019,12,0.0,1.0
0!213321F11041008800!!!!!!!,2020,1,0.0,0.0
0!213321F11041008800!!!!!!!,2020,2,0.0,0.0
0!213321F11041008800!!!!!!!,2020,3,0.0,0.0
0!213321F11041008800!!!!!!!,2020,4,0.0,0.0
0!213321F11041008800!!!!!!!,2020,5,0.0,0.0
0!213321F11041008800!!!!!!!,2020,6,0.0,0.0
0!213321F11041008800!!!!!!!,2020,7,0.0,4.0
0!213321F11041008800!!!!!!!,2020,8,0.0,1.0
0!213321F11041008800!!!!!!!,2020,9,0.0,0.0
0!213321F11041008800!!!!!!!,2020,10,0.0,1.0
0!213321F11041008800!!!!!!!,2020,11,0.0,1.0
0!213321F11041008800!!!!!!!,2020,12,0.0,0.0
0!213321F11041008800!!!!!!!,2021,1,6.0,2.0
0!213321F11041011506!!!!!!!,2018,2,77.0,134.0
0!213321F11041011506!!!!!!!,2018,3,147.0,148.0
0!213321F11041011506!!!!!!!,2018,4,321.0,319.0
0!213321F11041011506!!!!!!!,2018,5,70.0,100.0
0!213321F11041011506!!!!!!!,2018,6,71.0,68.0
0!213321F11041011506!!!!!!!,2018,7,16.0,13.0
0!213321F11041011506!!!!!!!,2018,8,0.0,2.0
0!213321F11041011506!!!!!!!,2018,9,0.0,2.0
0!213321F11041011506!!!!!!!,2018,10,0.0,2.0
0!213321F11041011506!!!!!!!,2018,11,0.0,0.0
0!213321F11041011506!!!!!!!,2018,12,5.0,0.0
0!213321F11041011506!!!!!!!,2019,1,3.0,0.0
0!213321F11041011506!!!!!!!,2019,2,0.0,7.0
0!213321F11041011506!!!!!!!,2019,3,0.0,0.0
0!213321F11041011506!!!!!!!,2019,4,0.0,0.0
0!213321F11041011506!!!!!!!,2019,5,0.0,-0.0
0!213321F11041011506!!!!!!!,2019,6,0.0,1.0
0!213321F11041011506!!!!!!!,2019,7,0.0,-0.0
0!213321F11041011506!!!!!!!,2019,8,0.0,1.0
0!213321F11041011506!!!!!!!,2019,9,0.0,2.0
0!213321F11041011506!!!!!!!,2019,10,0.0,2.0
0!213321F11041011506!!!!!!!,2019,11,0.0,1.0
0!213321F11041011506!!!!!!!,2019,12,0.0,2.0
0!213321F11041011506!!!!!!!,2020,1,0.0,0.0
0!213321F11041011506!!!!!!!,2020,2,2.0,1.0
0!213321F11041011506!!!!!!!,2020,3,0.0,0.0
0!213321F11041011506!!!!!!!,2020,4,0.0,0.0
0!213321F11041011506!!!!!!!,2020,5,10.0,0.0
0!213321F11041011506!!!!!!!,2020,6,19.0,0.0
0!213321F11041011506!!!!!!!,2020,7,1.0,1.0
0!213321F11041011773!!!!!!!,2018,2,105.0,115.0
0!213321F11041011773!!!!!!!,2018,3,245.0,305.0
0!213321F11041011773!!!!!!!,2018,4,374.0,339.0
0!213321F11041011773!!!!!!!,2018,5,52.0,73.0
0!213321F11041011773!!!!!!!,2018,6,109.0,116.0
0!213321F11041011773!!!!!!!,2018,7,41.0,24.0
0!213321F11041011773!!!!!!!,2018,8,1.0,7.0
0!213321F11041011773!!!!!!!,2018,9,0.0,0.0
0!213321F11041011773!!!!!!!,2018,10,0.0,3.0
0!213321F11041011773!!!!!!!,2018,11,0.0,3.0
0!213321F11041011773!!!!!!!,2018,12,1.0,2.0
0!213321F11041011773!!!!!!!,2019,1,1.0,0.0
0!213321F11041011773!!!!!!!,2019,2,0.0,8.0
0!213321F11041011773!!!!!!!,2019,3,18.0,0.0
0!213321F11041011773!!!!!!!,2019,4,0.0,0.0
0!213321F11041011773!!!!!!!,2019,5,1.0,47.0
0!213321F11041011773!!!!!!!,2019,6,0.0,1.0
0!213321F11041011773!!!!!!!,2019,7,0.0,1.0
0!213321F11041011773!!!!!!!,2019,8,0.0,3.0
0!213321F11041011773!!!!!!!,2019,9,0.0,1.0
0!213321F11041011773!!!!!!!,2019,10,0.0,1.0
0!213321F11041011773!!!!!!!,2019,11,0.0,1.0
0!213321F11041011773!!!!!!!,2019,12,0.0,2.0
0!213321F11041011773!!!!!!!,2020,1,0.0,0.0
0!213321F11041011773!!!!!!!,2020,2,2.0,0.0
0!213321F11041011773!!!!!!!,2020,3,0.0,0.0
0!213321F11041011773!!!!!!!,2020,4,3.0,-0.0
0!213321F11041011773!!!!!!!,2020,5,0.0,0.0
0!213321F11041011773!!!!!!!,2020,6,4.0,0.0
0!213321F11041011773!!!!!!!,2020,7,3.0,3.0
0!213321F11041008700!!!!!!!,2018,2,143.0,128.0
0!213321F11041008700!!!!!!!,2018,3,6.0,45.0
0!213321F11041008700!!!!!!!,2018,4,58.0,126.0
0!213321F11041008700!!!!!!!,2018,5,12.0,61.0
0!213321F11041008700!!!!!!!,2018,6,39.0,71.0
0!213321F11041008700!!!!!!!,2018,7,35.0,39.0
0!213321F11041008700!!!!!!!,2018,8,8.0,21.0
0!213321F11041008700!!!!!!!,2018,9,4.0,7.0
0!213321F11041008700!!!!!!!,2018,10,0.0,7.0
0!213321F11041008700!!!!!!!,2018,11,0.0,10.0
0!213321F11041008700!!!!!!!,2018,12,0.0,8.0
0!213321F11041008700!!!!!!!,2019,1,29.0,47.0
0!213321F11041008700!!!!!!!,2019,2,201.0,82.0
0!213321F11041008700!!!!!!!,2019,3,0.0,2.0
0!213321F11041008700!!!!!!!,2019,4,0.0,0.0
0!213321F11041008700!!!!!!!,2019,5,0.0,0.0
0!213321F11041008700!!!!!!!,2019,6,0.0,0.0
0!213321F11041008700!!!!!!!,2019,7,0.0,1.0
0!213321F11041008700!!!!!!!,2019,8,0.0,3.0
0!213321F11041008700!!!!!!!,2019,9,0.0,0.0
0!213321F11041008700!!!!!!!,2019,10,0.0,0.0
0!213321F11041008700!!!!!!!,2019,11,0.0,0.0
0!213321F11041008700!!!!!!!,2019,12,0.0,5.0
0!213321F11041008700!!!!!!!,2020,1,0.0,0.0
0!213321F11041008700!!!!!!!,2020,2,0.0,0.0
0!213321F11041008700!!!!!!!,2020,3,0.0,55.0
0!213321F11041008700!!!!!!!,2020,4,0.0,2.0
0!213321F11041008700!!!!!!!,2020,5,0.0,0.0
0!213321F11041008700!!!!!!!,2020,6,0.0,0.0
0!213321F11041008700!!!!!!!,2020,7,1.0,3.0
0!213321F11041008700!!!!!!!,2020,8,4.0,7.0
0!213321F11041008700!!!!!!!,2020,9,1.0,0.0
0!213321F11041008700!!!!!!!,2020,10,3.0,1.0
0!213321F11041008700!!!!!!!,2020,11,27.0,3.0
0!213321F11041008700!!!!!!!,2020,12,1.0,0.0
0!213321F11041007300!!!!!!!,2018,2,0.0,0.0
0!213321F11041007300!!!!!!!,2018,3,2.0,0.0
0!213321F11041007300!!!!!!!,2018,4,0.0,15.0
0!213321F11041007300!!!!!!!,2018,5,0.0,1.0
0!213321F11041007300!!!!!!!,2018,6,0.0,3.0
0!213321F11041007300!!!!!!!,2018,7,0.0,3.0
0!213321F11041007300!!!!!!!,2018,8,0.0,-0.0
0!213321F11041007300!!!!!!!,2018,9,0.0,1.0
0!213321F11041007300!!!!!!!,2018,10,0.0,1.0
0!213321F11041007300!!!!!!!,2018,11,0.0,1.0
0!213321F11041007300!!!!!!!,2018,12,0.0,1.0
0!213321F11041007300!!!!!!!,2019,1,0.0,19.0
0!213321F11041007300!!!!!!!,2019,2,0.0,2.0
0!213321F11041007300!!!!!!!,2019,3,0.0,1.0
0!213321F11041007300!!!!!!!,2019,4,0.0,0.0
0!213321F11041007300!!!!!!!,2019,5,0.0,0.0
0!213321F11041007300!!!!!!!,2019,6,0.0,1.0
0!213321F11041007300!!!!!!!,2019,7,0.0,0.0
0!213321F11041007300!!!!!!!,2019,8,0.0,2.0
0!213321F11041007300!!!!!!!,2019,9,0.0,1.0
0!213321F11041007300!!!!!!!,2019,10,0.0,1.0
0!213321F11041007300!!!!!!!,2019,11,0.0,1.0
0!213321F11041007300!!!!!!!,2019,12,0.0,1.0
0!213321F11041007300!!!!!!!,2020,1,0.0,0.0
0!213321F11041007300!!!!!!!,2020,2,0.0,1.0
0!213321F11041007300!!!!!!!,2020,3,0.0,0.0
0!213321F11041007300!!!!!!!,2020,4,0.0,0.0
0!213321F11041007300!!!!!!!,2020,5,0.0,0.0
0!213321F11041007300!!!!!!!,2020,6,0.0,0.0
0!213321F11041007300!!!!!!!,2020,7,1.0,7.0
0!213321F11041007300!!!!!!!,2020,8,2.0,1.0
0!213321F11041007300!!!!!!!,2020,9,0.0,0.0
0!213321F11041007300!!!!!!!,2020,10,0.0,-0.0
0!213321F11041007300!!!!!!!,2020,11,0.0,0.0
0!213321F11041007300!!!!!!!,2020,12,2.0,0.0
0!213321F11041009573!!!!!!!,2018,2,740.0,662.0
0!213321F11041009573!!!!!!!,2018,3,780.0,821.0
0!213321F11041009573!!!!!!!,2018,4,413.0,364.0
0!213321F11041009573!!!!!!!,2018,5,12.0,11.0
0!213321F11041009573!!!!!!!,2018,6,0.0,9.0
0!213321F11041009573!!!!!!!,2018,7,0.0,0.0
0!213321F11041009573!!!!!!!,2018,8,0.0,0.0
0!213321F11041009573!!!!!!!,2018,9,0.0,0.0
0!213321F11041009573!!!!!!!,2018,10,0.0,0.0
0!213321F11041009573!!!!!!!,2018,11,0.0,0.0
0!213321F11041009573!!!!!!!,2018,12,0.0,0.0
0!213321F11041009573!!!!!!!,2019,1,2.0,24.0
0!213321F11041009573!!!!!!!,2019,2,0.0,0.0
0!213321F11041009573!!!!!!!,2019,3,0.0,1.0
0!213321F11041009573!!!!!!!,2019,4,0.0,3.0
0!213321F11041009573!!!!!!!,2019,5,0.0,0.0
0!213321F11041009573!!!!!!!,2019,6,1.0,0.0
0!213321F11041009473!!!!!!!,2018,2,537.0,496.0
0!213321F11041009473!!!!!!!,2018,3,554.0,625.0
0!213321F11041009473!!!!!!!,2018,4,679.0,685.0
0!213321F11041009473!!!!!!!,2018,5,240.0,218.0
0!213321F11041009473!!!!!!!,2018,6,47.0,24.0
0!213321F11041009473!!!!!!!,2018,7,0.0,5.0
0!213321F11041009473!!!!!!!,2018,8,0.0,3.0
0!213321F11041009473!!!!!!!,2018,9,0.0,2.0
0!213321F11041009473!!!!!!!,2018,10,0.0,0.0
0!213321F11041009473!!!!!!!,2018,11,0.0,0.0
0!213321F11041009473!!!!!!!,2018,12,0.0,1.0
0!213321F11041009473!!!!!!!,2019,1,0.0,24.0
0!213321F11041009473!!!!!!!,2019,2,0.0,-0.0
0!213321F11041009473!!!!!!!,2019,3,0.0,0.0
0!213321F11041009473!!!!!!!,2019,4,0.0,0.0
0!213321F11041009473!!!!!!!,2019,5,1.0,2.0
0!213321F11041008600!!!!!!!,2018,2,22.0,77.0
0!213321F11041008600!!!!!!!,2018,3,8.0,29.0
0!213321F11041008600!!!!!!!,2018,4,68.0,68.0
0!213321F11041008600!!!!!!!,2018,5,15.0,63.0
0!213321F11041008600!!!!!!!,2018,6,171.0,96.0
0!213321F11041008600!!!!!!!,2018,7,0.0,1.0
0!213321F11041008600!!!!!!!,2018,8,4.0,0.0
0!213321F11041008600!!!!!!!,2018,9,2.0,-0.0
0!213321F11041008600!!!!!!!,2018,10,0.0,0.0
0!213321F11041008600!!!!!!!,2018,11,1.0,-0.0
0!213321F11041008600!!!!!!!,2018,12,0.0,-0.0
0!213321F11041008600!!!!!!!,2019,1,4.0,9.0
0!213321F11041008600!!!!!!!,2019,2,3.0,6.0
0!213321F11041008600!!!!!!!,2019,3,0.0,3.0
0!213321F11041008600!!!!!!!,2019,4,0.0,0.0
0!213321F11041008600!!!!!!!,2019,5,0.0,0.0
0!213321F11041008600!!!!!!!,2019,6,0.0,2.0
0!213321F11041008600!!!!!!!,2019,7,0.0,3.0
0!213321F11041008600!!!!!!!,2019,8,0.0,6.0
0!213321F11041008600!!!!!!!,2019,9,0.0,0.0
0!213321F11041008600!!!!!!!,2019,10,0.0,0.0
0!213321F11041008600!!!!!!!,2019,11,0.0,0.0
0!213321F11041008600!!!!!!!,2019,12,0.0,1.0
0!213321F11041008600!!!!!!!,2020,1,0.0,0.0
0!213321F11041008600!!!!!!!,2020,2,0.0,0.0
0!213321F11041007200!!!!!!!,2018,2,0.0,1.0
0!213321F11041007200!!!!!!!,2018,3,0.0,0.0
0!213321F11041007200!!!!!!!,2018,4,0.0,15.0
0!213321F11041007200!!!!!!!,2018,5,0.0,1.0
0!213321F11041007200!!!!!!!,2018,6,0.0,5.0
0!213321F11041007200!!!!!!!,2018,7,1.0,2.0
0!213321F11041007200!!!!!!!,2018,8,0.0,0.0
0!213321F11041007200!!!!!!!,2018,9,0.0,0.0
0!213321F11041007200!!!!!!!,2018,10,0.0,0.0
0!213321F11041007200!!!!!!!,2018,11,0.0,0.0
0!213321F11041007200!!!!!!!,2018,12,0.0,0.0
0!213321F11041007200!!!!!!!,2019,1,0.0,0.0
0!213321F11041007200!!!!!!!,2019,2,0.0,7.0
0!213321F11041007200!!!!!!!,2019,3,0.0,1.0
0!213321F11041007200!!!!!!!,2019,4,0.0,0.0
0!213321F11041007200!!!!!!!,2019,5,0.0,-0.0
0!213321F11041007200!!!!!!!,2019,6,0.0,1.0
0!213321F11041007200!!!!!!!,2019,7,0.0,1.0
0!213321F11041007200!!!!!!!,2019,8,0.0,2.0
0!213321F11041007200!!!!!!!,2019,9,0.0,1.0
0!213321F11041007200!!!!!!!,2019,10,0.0,1.0
0!213321F11041007200!!!!!!!,2019,11,0.0,1.0
0!213321F11041007200!!!!!!!,2019,12,0.0,1.0
0!213321F11041007200!!!!!!!,2020,1,0.0,0.0
0!213321F11041007200!!!!!!!,2020,2,0.0,1.0
0!213321F11041007200!!!!!!!,2020,3,0.0,0.0
0!213321F11041007200!!!!!!!,2020,4,0.0,0.0
0!213321F11041007200!!!!!!!,2020,5,0.0,0.0
0!213321F11041007200!!!!!!!,2020,6,0.0,0.0
0!213321F11041007200!!!!!!!,2020,7,0.0,0.0
0!213321F11041007200!!!!!!!,2020,8,0.0,6.0
0!213321F11041007200!!!!!!!,2020,9,0.0,0.0
0!213321F11041007200!!!!!!!,2020,10,0.0,0.0
0!213321F11041007200!!!!!!!,2020,11,0.0,1.0
0!213321F11041007200!!!!!!!,2020,12,0.0,0.0
0!213321F11041007200!!!!!!!,2021,1,0.0,1.0
0!213321F11041007200!!!!!!!,2021,2,0.0,2.0
0!213321F11041007200!!!!!!!,2021,3,2.0,4.0
0!213321F11041007970!!!!!!!,2018,2,0.0,3.0
0!213321F11041007970!!!!!!!,2018,3,0.0,0.0
0!213321F11041007970!!!!!!!,2018,4,0.0,19.0
0!213321F11041007970!!!!!!!,2018,5,8.0,2.0
0!213321F11041007970!!!!!!!,2018,6,0.0,3.0
0!213321F11041007970!!!!!!!,2018,7,0.0,2.0
0!213321F11041007970!!!!!!!,2018,8,0.0,-0.0
0!213321F11041007970!!!!!!!,2018,9,0.0,0.0
0!213321F11041007970!!!!!!!,2018,10,0.0,-0.0
0!213321F11041007970!!!!!!!,2018,11,0.0,-0.0
0!213321F11041007970!!!!!!!,2018,12,0.0,-0.0
0!213321F11041007970!!!!!!!,2019,1,0.0,12.0
0!213321F11041007970!!!!!!!,2019,2,0.0,4.0
0!213321F11041007970!!!!!!!,2019,3,0.0,0.0
0!213321F11041007970!!!!!!!,2019,4,0.0,0.0
0!213321F11041007970!!!!!!!,2019,5,0.0,0.0
0!213321F11041007970!!!!!!!,2019,6,0.0,0.0
0!213321F11041007970!!!!!!!,2019,7,0.0,1.0
0!213321F11041007970!!!!!!!,2019,8,0.0,2.0
0!213321F11041007970!!!!!!!,2019,9,0.0,0.0
0!213321F11041007970!!!!!!!,2019,10,0.0,0.0
0!213321F11041007970!!!!!!!,2019,11,0.0,0.0
0!213321F11041007970!!!!!!!,2019,12,0.0,0.0
0!213321F11041007970!!!!!!!,2020,1,0.0,0.0
0!213321F11041007970!!!!!!!,2020,2,0.0,0.0
0!213321F11041007970!!!!!!!,2020,3,0.0,0.0
0!213321F11041007970!!!!!!!,2020,4,0.0,0.0
0!213321F11041007970!!!!!!!,2020,5,0.0,0.0
0!213321F11041007970!!!!!!!,2020,6,2.0,0.0
0!213321F11041007970!!!!!!!,2020,7,0.0,2.0
0!213321F11041007970!!!!!!!,2020,8,0.0,2.0
0!213321F11041007970!!!!!!!,2020,9,0.0,0.0
0!213321F11041007970!!!!!!!,2020,10,0.0,0.0
0!213321F11041007970!!!!!!!,2020,11,0.0,0.0
0!213321F11041007970!!!!!!!,2020,12,0.0,0.0
0!213321F11041007970!!!!!!!,2021,1,0.0,2.0
0!213321F11041007970!!!!!!!,2021,2,0.0,4.0
0!213321F11041007970!!!!!!!,2021,3,1.0,3.0
0!213321F11041009530!!!!!!!,2018,2,596.0,396.0
0!213321F11041009530!!!!!!!,2018,3,292.0,271.0
0!213321F11041009530!!!!!!!,2018,4,101.0,160.0
0!213321F11041009530!!!!!!!,2018,5,205.0,151.0
0!213321F11041009530!!!!!!!,2018,6,23.0,29.0
0!213321F11041009530!!!!!!!,2018,7,5.0,10.0
0!213321F11041009530!!!!!!!,2018,8,0.0,4.0
0!213321F11041009530!!!!!!!,2018,9,2.0,2.0
0!213321F11041009530!!!!!!!,2018,10,0.0,0.0
0!213321F11041009530!!!!!!!,2018,11,1.0,4.0
0!213321F11041009530!!!!!!!,2018,12,23.0,744.0
0!213321F11041009530!!!!!!!,2019,1,1575.0,986.0
0!213321F11041009530!!!!!!!,2019,2,95.0,85.0
0!213321F11041009530!!!!!!!,2019,3,90.0,101.0
0!213321F11041009530!!!!!!!,2019,4,327.0,576.0
0!213321F11041009530!!!!!!!,2019,5,47.0,99.0
0!213321F11041009530!!!!!!!,2019,6,402.0,338.0
0!213321F11041009530!!!!!!!,2019,7,2.0,82.0
0!213321F11041009530!!!!!!!,2019,8,206.0,156.0
0!213321F11041009530!!!!!!!,2019,9,29.0,22.0
0!213321F11041009530!!!!!!!,2019,10,1.0,12.0
0!213321F11041009530!!!!!!!,2019,11,0.0,0.0
0!213321F11041009530!!!!!!!,2019,12,10.0,2.0
0!213321F11041009530!!!!!!!,2020,1,25.0,268.0
0!213321F11041009530!!!!!!!,2020,2,71.0,138.0
0!213321F11041009530!!!!!!!,2020,3,62.0,139.0
0!213321F11041009530!!!!!!!,2020,4,27.0,64.0
0!213321F11041009530!!!!!!!,2020,5,669.0,575.0
0!213321F11041009530!!!!!!!,2020,6,287.0,238.0
0!213321F11041009530!!!!!!!,2020,7,54.0,74.0
0!213321F11041009530!!!!!!!,2020,8,22.0,22.0
0!213321F11041009530!!!!!!!,2020,9,9.0,10.0
0!213321F11041009530!!!!!!!,2020,10,34.0,0.0
0!213321F11041009530!!!!!!!,2020,11,0.0,2.0
0!213321F11041011330!!!!!!!,2018,2,79.0,67.0
0!213321F11041011330!!!!!!!,2018,3,2.0,0.0
0!213321F11041011330!!!!!!!,2018,4,0.0,11.0
0!213321F11041011330!!!!!!!,2018,5,0.0,8.0
0!213321F11041011330!!!!!!!,2018,6,0.0,5.0
0!213321F11041011330!!!!!!!,2018,7,1927.0,1518.0
0!213321F11041011330!!!!!!!,2018,8,240.0,263.0
0!213321F11041011330!!!!!!!,2018,9,37.0,68.0
0!213321F11041011330!!!!!!!,2018,10,6.0,293.0
0!213321F11041011330!!!!!!!,2018,11,345.0,680.0
0!213321F11041011330!!!!!!!,2018,12,144.0,160.0
0!213321F11041011330!!!!!!!,2019,1,1896.0,1747.0
0!213321F11041011330!!!!!!!,2019,2,188.0,209.0
0!213321F11041011330!!!!!!!,2019,3,496.0,506.0
0!213321F11041011330!!!!!!!,2019,4,975.0,714.0
0!213321F11041011330!!!!!!!,2019,5,391.0,313.0
0!213321F11041011330!!!!!!!,2019,6,166.0,232.0
0!213321F11041011330!!!!!!!,2019,7,101.0,160.0
0!213321F11041011330!!!!!!!,2019,8,392.0,305.0
0!213321F11041011330!!!!!!!,2019,9,10.0,8.0
0!213321F11041011430!!!!!!!,2018,2,63.0,21.0
0!213321F11041011430!!!!!!!,2018,3,6.0,50.0
0!213321F11041011430!!!!!!!,2018,4,0.0,55.0
0!213321F11041011430!!!!!!!,2018,5,0.0,0.0
0!213321F11041011430!!!!!!!,2018,6,0.0,6.0
0!213321F11041011430!!!!!!!,2018,7,1998.0,1617.0
0!213321F11041011430!!!!!!!,2018,8,1411.0,2494.0
0!213321F11041011430!!!!!!!,2018,9,98.0,471.0
0!213321F11041011430!!!!!!!,2018,10,38.0,538.0
0!213321F11041011430!!!!!!!,2018,11,972.0,760.0
0!213321F11041011430!!!!!!!,2018,12,568.0,653.0
0!213321F11041011430!!!!!!!,2019,1,6122.0,2959.0
0!213321F11041011430!!!!!!!,2019,2,287.0,1354.0
0!213321F11041011430!!!!!!!,2019,3,916.0,1301.0
0!213321F11041011430!!!!!!!,2019,4,1798.0,1676.0
0!213321F11041011430!!!!!!!,2019,5,190.0,225.0
0!213321F11041011430!!!!!!!,2019,6,371.0,291.0
0!213321F11041011430!!!!!!!,2019,7,142.0,231.0
0!213321F11041011430!!!!!!!,2019,8,460.0,412.0
0!213321F11041011430!!!!!!!,2019,9,40.0,30.0
0!213321F11041011430!!!!!!!,2019,10,37.0,30.0
0!213321F11041011430!!!!!!!,2019,11,31.0,11.0
0!213321F11041011430!!!!!!!,2019,12,34.0,90.0
0!213321F11041011430!!!!!!!,2020,1,154.0,214.0
0!213321F11041011430!!!!!!!,2020,2,210.0,172.0
0!213321F11041011430!!!!!!!,2020,3,47.0,35.0
0!213321F11041011606!!!!!!!,2018,2,273.0,258.0
0!213321F11041011606!!!!!!!,2018,3,150.0,179.0
0!213321F11041011606!!!!!!!,2018,4,106.0,115.0
0!213321F11041011606!!!!!!!,2018,5,31.0,19.0
0!213321F11041011005!!!!!!!,2018,2,421.0,395.0
0!213321F11041011005!!!!!!!,2018,3,305.0,318.0
0!213321F11041011005!!!!!!!,2018,4,259.0,204.0
0!213321F11041011005!!!!!!!,2018,5,2.0,6.0
0!213321F11041011005!!!!!!!,2018,6,0.0,6.0
0!213321F11041011005!!!!!!!,2018,7,0.0,2.0
0!213321F11041011005!!!!!!!,2018,8,0.0,4.0
0!213321F11041011005!!!!!!!,2018,9,0.0,0.0
0!213321F11041011005!!!!!!!,2018,10,0.0,0.0
0!213321F11041011005!!!!!!!,2018,11,0.0,0.0
0!213321F11041011005!!!!!!!,2018,12,1.0,2.0
0!213321F11041011873!!!!!!!,2018,2,318.0,359.0
0!213321F11041011873!!!!!!!,2018,3,816.0,777.0
0!213321F11041011873!!!!!!!,2018,4,193.0,180.0
0!213321F11041011873!!!!!!!,2018,5,5.0,15.0
0!213321F11041009570!!!!!!!,2018,2,0.0,4.0
0!213321F11041009570!!!!!!!,2018,3,10.0,5.0
0!213321F11041009570!!!!!!!,2018,4,0.0,24.0
0!213321F11041009570!!!!!!!,2018,5,1.0,7.0
0!213321F11041009470!!!!!!!,2018,2,12.0,7.0
0!213321F11041009470!!!!!!!,2018,3,12.0,1.0
0!213321F11041009470!!!!!!!,2018,4,2.0,20.0
0!213321F11041009470!!!!!!!,2018,5,0.0,5.0
0!213321F11041009470!!!!!!!,2018,6,0.0,6.0
0!213321F11041009470!!!!!!!,2018,7,5.0,3.0
0!213321F11041010852!!!!!!!,2018,2,234.0,282.0
0!213321F11041010852!!!!!!!,2018,3,560.0,565.0
0!213321F11041010852!!!!!!!,2018,4,197.0,161.0
0!213321F11041010752!!!!!!!,2018,2,121.0,139.0
0!213321F11041010752!!!!!!!,2018,3,358.0,507.0
0!213321F11041010752!!!!!!!,2018,4,624.0,601.0
0!213321F11041010752!!!!!!!,2018,5,560.0,541.0
0!213321F11041010752!!!!!!!,2018,6,170.0,142.0
0!213321F11041010752!!!!!!!,2018,7,49.0,17.0
0!213321F11041010752!!!!!!!,2018,8,0.0,5.0
0!213321F11041010752!!!!!!!,2018,9,0.0,1.0
0!213321F11041010752!!!!!!!,2018,10,0.0,-0.0
0!213321F11041010752!!!!!!!,2018,11,0.0,1.0
0!213321F11041010752!!!!!!!,2018,12,1.0,0.0
0!213321F11041011230!!!!!!!,2018,2,287.0,293.0
0!213321F11041011230!!!!!!!,2018,3,609.0,822.0
0!213321F11041011230!!!!!!!,2018,4,1217.0,995.0
0!213321F11041011230!!!!!!!,2018,5,268.0,219.0
0!213321F11041011230!!!!!!!,2018,6,39.0,28.0
0!213321F11041011230!!!!!!!,2018,7,0.0,5.0
0!213321F11041011230!!!!!!!,2018,8,0.0,4.0
0!213321F11041011230!!!!!!!,2018,9,0.0,3.0
0!213321F11041011230!!!!!!!,2018,10,0.0,3.0
0!213321F11041012830!!!!!!!,2018,3,298.0,380.0
0!213321F11041012830!!!!!!!,2018,4,893.0,736.0
0!213321F11041012830!!!!!!!,2018,5,300.0,384.0
0!213321F11041012830!!!!!!!,2018,6,185.0,136.0
0!213321F11041012830!!!!!!!,2018,7,35.0,27.0
0!213321F11041012830!!!!!!!,2018,8,0.0,11.0
0!213321F11041012830!!!!!!!,2018,9,0.0,11.0
0!213321F11041012830!!!!!!!,2018,10,0.0,11.0
0!213321F11041012830!!!!!!!,2018,11,0.0,11.0
0!213321F11041012830!!!!!!!,2018,12,1.0,10.0
0!213321F11041012830!!!!!!!,2019,1,0.0,12.0
0!213321F11041012830!!!!!!!,2019,2,50.0,367.0
0!213321F11041012830!!!!!!!,2019,3,64.0,247.0
0!213321F11041012830!!!!!!!,2019,4,143.0,566.0
0!213321F11041012830!!!!!!!,2019,5,117.0,174.0
0!213321F11041012830!!!!!!!,2019,6,45.0,118.0
0!213321F11041012830!!!!!!!,2019,7,50.0,131.0
0!213321F11041012830!!!!!!!,2019,8,193.0,185.0
0!213321F11041012830!!!!!!!,2019,9,117.0,111.0
0!213321F11041012830!!!!!!!,2019,10,393.0,125.0
0!213321F11041012830!!!!!!!,2019,11,15.0,103.0
0!213321F11041012830!!!!!!!,2019,12,88.0,139.0
0!213321F11041012830!!!!!!!,2020,1,364.0,515.0
0!213321F11041012830!!!!!!!,2020,2,350.0,311.0
0!213321F11041012830!!!!!!!,2020,3,264.0,234.0
0!213321F11041012830!!!!!!!,2020,4,21.0,63.0
0!213321F11041012830!!!!!!!,2020,5,129.0,134.0
0!213321F11041012830!!!!!!!,2020,6,86.0,73.0
0!213321F11041012830!!!!!!!,2020,7,20.0,15.0
0!213321F11041012830!!!!!!!,2020,8,0.0,13.0
0!213321F11041012830!!!!!!!,2020,9,0.0,11.0
0!213321F11041012830!!!!!!!,2020,10,0.0,11.0
0!213321F11041012830!!!!!!!,2020,11,0.0,11.0
0!213321F11041012830!!!!!!!,2020,12,0.0,11.0
0!213321F11041012830!!!!!!!,2021,1,1490.0,1340.0
0!213321F11041012830!!!!!!!,2021,2,853.0,413.0
0!213321F11041012830!!!!!!!,2021,3,327.0,310.0
0!213321F11041012830!!!!!!!,2021,4,158.0,165.0
0!213321F11041012830!!!!!!!,2021,5,61.0,79.0
0!213321F11041012830!!!!!!!,2021,6,8.0,35.0
0!213321F11041012830!!!!!!!,2021,7,5.0,23.0
0!213321F11041012830!!!!!!!,2021,8,3.0,18.0
0!213321F11041012830!!!!!!!,2021,9,3.0,16.0
0!213321F11041012830!!!!!!!,2021,10,38.0,11.0
0!213321F11041012830!!!!!!!,2021,11,0.0,11.0
0!213321F11041012830!!!!!!!,2021,12,0.0,11.0
0!213321F11041012830!!!!!!!,2022,1,0.0,14.0
0!213321F11041012830!!!!!!!,2022,2,1355.0,650.0
0!213321F11041012830!!!!!!!,2022,3,72.0,46.0
0!213321F11041012830!!!!!!!,2022,4,0.0,15.0
0!213321F11041012830!!!!!!!,2022,5,,14.0
0!213321F11041012830!!!!!!!,2022,6,,14.0
0!213321F11041012830!!!!!!!,2022,7,,12.0
0!213321F11041012830!!!!!!!,2022,8,,11.0
0!213321F11041012530!!!!!!!,2018,3,448.0,409.0
0!213321F11041012530!!!!!!!,2018,4,642.0,648.0
0!213321F11041012530!!!!!!!,2018,5,694.0,629.0
0!213321F11041012530!!!!!!!,2018,6,665.0,305.0
0!213321F11041012530!!!!!!!,2018,7,240.0,248.0
0!213321F11041012530!!!!!!!,2018,8,3.0,45.0
0!213321F11041012530!!!!!!!,2018,9,0.0,42.0
0!213321F11041012530!!!!!!!,2018,10,6.0,41.0
0!213321F11041012530!!!!!!!,2018,11,0.0,43.0
0!213321F11041012530!!!!!!!,2018,12,5.0,44.0
0!213321F11041012530!!!!!!!,2019,1,72.0,117.0
0!213321F11041012530!!!!!!!,2019,2,62.0,271.0
0!213321F11041012530!!!!!!!,2019,3,140.0,337.0
0!213321F11041012530!!!!!!!,2019,4,258.0,411.0
0!213321F11041012530!!!!!!!,2019,5,83.0,151.0
0!213321F11041012530!!!!!!!,2019,6,102.0,272.0
0!213321F11041012530!!!!!!!,2019,7,117.0,206.0
0!213321F11041012530!!!!!!!,2019,8,276.0,309.0
0!213321F11041012530!!!!!!!,2019,9,47.0,47.0
0!213321F11041012530!!!!!!!,2019,10,7.0,66.0
0!213321F11041012530!!!!!!!,2019,11,-8.0,46.0
0!213321F11041012530!!!!!!!,2019,12,75.0,70.0
0!213321F11041012530!!!!!!!,2020,1,310.0,330.0
0!213321F11041012530!!!!!!!,2020,2,146.0,188.0
0!213321F11041012530!!!!!!!,2020,3,154.0,204.0
0!213321F11041012530!!!!!!!,2020,4,39.0,45.0
0!213321F11041012530!!!!!!!,2020,5,141.0,172.0
0!213321F11041012530!!!!!!!,2020,6,115.0,88.0
0!213321F11041012530!!!!!!!,2020,7,28.0,21.0
0!213321F11041012530!!!!!!!,2020,8,273.0,204.0
0!213321F11041012530!!!!!!!,2020,9,95.0,73.0
0!213321F11041012530!!!!!!!,2020,10,11.0,63.0
0!213321F11041012530!!!!!!!,2020,11,32.0,62.0
0!213321F11041012530!!!!!!!,2020,12,160.0,83.0
0!213321F11041012530!!!!!!!,2021,1,203.0,599.0
0!213321F11041012530!!!!!!!,2021,2,996.0,561.0
0!213321F11041012530!!!!!!!,2021,3,1727.0,1091.0
0!213321F11041012530!!!!!!!,2021,4,316.0,353.0
0!213321F11041012530!!!!!!!,2021,5,186.0,204.0
0!213321F11041012530!!!!!!!,2021,6,128.0,124.0
0!213321F11041012530!!!!!!!,2021,7,8.0,50.0
0!213321F11041012530!!!!!!!,2021,8,60.0,29.0
0!213321F11041012530!!!!!!!,2021,9,-2.0,15.0
0!213321F11041012530!!!!!!!,2021,10,19.0,15.0
0!213321F11041012530!!!!!!!,2021,11,8.0,15.0
0!213321F11041012530!!!!!!!,2021,12,0.0,16.0
0!213321F11041012530!!!!!!!,2022,1,0.0,15.0
0!213321F11041012530!!!!!!!,2022,2,767.0,561.0
0!213321F11041012530!!!!!!!,2022,3,1003.0,694.0
0!213321F11041012530!!!!!!!,2022,4,377.0,193.0
0!213321F11041012530!!!!!!!,2022,5,,120.0
0!213321F11041012530!!!!!!!,2022,6,,83.0
0!213321F11041012530!!!!!!!,2022,7,,19.0
0!213321F11041012530!!!!!!!,2022,8,,16.0
0!213321F11041014230!!!!!!!,2018,3,1602.0,1332.0
0!213321F11041014230!!!!!!!,2018,4,3498.0,2537.0
0!213321F11041014230!!!!!!!,2018,5,1916.0,1374.0
0!213321F11041014230!!!!!!!,2018,6,71.0,40.0
0!213321F11041014230!!!!!!!,2018,7,0.0,29.0
0!213321F11041014230!!!!!!!,2018,8,0.0,4.0
0!213321F11041014230!!!!!!!,2018,9,0.0,5.0
0!213321F11041014230!!!!!!!,2018,10,0.0,2.0
0!213321F11041014230!!!!!!!,2018,11,256.0,255.0
0!213321F11041014230!!!!!!!,2018,12,222.0,229.0
0!213321F11041014230!!!!!!!,2019,1,840.0,1547.0
0!213321F11041014230!!!!!!!,2019,2,206.0,287.0
0!213321F11041014230!!!!!!!,2019,3,307.0,381.0
0!213321F11041014230!!!!!!!,2019,4,1072.0,1091.0
0!213321F11041014230!!!!!!!,2019,5,340.0,497.0
0!213321F11041014230!!!!!!!,2019,6,389.0,749.0
0!213321F11041014230!!!!!!!,2019,7,388.0,474.0
0!213321F11041014230!!!!!!!,2019,8,448.0,724.0
0!213321F11041014230!!!!!!!,2019,9,65.0,14.0
0!213321F11041014230!!!!!!!,2019,10,42.0,0.0
0!213321F11041014230!!!!!!!,2019,11,6.0,0.0
0!213321F11041014230!!!!!!!,2019,12,65.0,115.0
0!213321F11041014230!!!!!!!,2020,1,1123.0,1045.0
0!213321F11041014230!!!!!!!,2020,2,1318.0,1084.0
0!213321F11041014230!!!!!!!,2020,3,443.0,350.0
0!213321F11041014230!!!!!!!,2020,4,75.0,192.0
0!213321F11041014230!!!!!!!,2020,5,638.0,776.0
0!213321F11041014230!!!!!!!,2020,6,384.0,334.0
0!213321F11041014230!!!!!!!,2020,7,3.0,17.0
0!213321F11041014230!!!!!!!,2020,8,5.0,5.0
0!213321F11041014230!!!!!!!,2020,9,2.0,5.0
0!213321F11041014230!!!!!!!,2020,10,9.0,64.0
0!213321F11041014230!!!!!!!,2020,11,73.0,55.0
0!213321F11041014230!!!!!!!,2020,12,13.0,13.0
0!213321F11041014230!!!!!!!,2021,1,5888.0,3828.0
0!213321F11041014230!!!!!!!,2021,2,708.0,594.0
0!213321F11041014230!!!!!!!,2021,3,79.0,133.0
0!213321F11041014230!!!!!!!,2021,4,-1.0,9.0
0!213321F11041014230!!!!!!!,2021,5,0.0,11.0
0!213321F11041014230!!!!!!!,2021,6,-1.0,19.0
0!213321F11041014230!!!!!!!,2021,7,0.0,14.0
0!213321F11041014230!!!!!!!,2021,8,-1.0,13.0
0!213321F11041014230!!!!!!!,2021,9,1.0,5.0
0!213321F11041014230!!!!!!!,2021,10,0.0,5.0
0!213321F11041014230!!!!!!!,2021,11,0.0,5.0
0!213321F11041014230!!!!!!!,2021,12,0.0,6.0
0!213321F11041014230!!!!!!!,2022,1,0.0,19.0
0!213321F11041014230!!!!!!!,2022,2,809.0,791.0
0!213321F11041014230!!!!!!!,2022,3,108.0,94.0
0!213321F11041014230!!!!!!!,2022,4,25.0,11.0
0!213321F11041014230!!!!!!!,2022,5,,11.0
0!213321F11041014230!!!!!!!,2022,6,,11.0
0!213321F11041014230!!!!!!!,2022,7,,6.0
0!213321F11041014230!!!!!!!,2022,8,,5.0
0!213321F11041012230!!!!!!!,2018,3,284.0,288.0
0!213321F11041012230!!!!!!!,2018,4,661.0,525.0
0!213321F11041012230!!!!!!!,2018,5,305.0,301.0
0!213321F11041012230!!!!!!!,2018,6,75.0,92.0
0!213321F11041012230!!!!!!!,2018,7,40.0,32.0
0!213321F11041012230!!!!!!!,2018,8,0.0,16.0
0!213321F11041012230!!!!!!!,2018,9,0.0,15.0
0!213321F11041012230!!!!!!!,2018,10,-1.0,8.0
0!213321F11041012230!!!!!!!,2018,11,0.0,15.0
0!213321F11041012230!!!!!!!,2018,12,0.0,15.0
0!213321F11041012230!!!!!!!,2019,1,6.0,582.0
0!213321F11041012230!!!!!!!,2019,2,211.0,214.0
0!213321F11041012230!!!!!!!,2019,3,86.0,119.0
0!213321F11041012230!!!!!!!,2019,4,182.0,426.0
0!213321F11041012230!!!!!!!,2019,5,51.0,131.0
0!213321F11041012230!!!!!!!,2019,6,95.0,155.0
0!213321F11041012230!!!!!!!,2019,7,65.0,145.0
0!213321F11041012230!!!!!!!,2019,8,332.0,271.0
0!213321F11041012230!!!!!!!,2019,9,5.0,63.0
0!213321F11041012230!!!!!!!,2019,10,0.0,86.0
0!213321F11041012230!!!!!!!,2019,11,0.0,86.0
0!213321F11041012230!!!!!!!,2019,12,134.0,121.0
0!213321F11041012230!!!!!!!,2020,1,454.0,403.0
0!213321F11041012230!!!!!!!,2020,2,314.0,306.0
0!213321F11041012230!!!!!!!,2020,3,225.0,218.0
0!213321F11041012230!!!!!!!,2020,4,24.0,58.0
0!213321F11041012230!!!!!!!,2020,5,223.0,201.0
0!213321F11041012230!!!!!!!,2020,6,115.0,91.0
0!213321F11041012230!!!!!!!,2020,7,3.0,17.0
0!213321F11041012230!!!!!!!,2020,8,95.0,181.0
0!213321F11041012230!!!!!!!,2020,9,129.0,132.0
0!213321F11041012230!!!!!!!,2020,10,-1.0,53.0
0!213321F11041012230!!!!!!!,2020,11,54.0,53.0
0!213321F11041012230!!!!!!!,2020,12,166.0,177.0
0!213321F11041012230!!!!!!!,2021,1,1162.0,726.0
0!213321F11041012230!!!!!!!,2021,2,526.0,431.0
0!213321F11041012230!!!!!!!,2021,3,557.0,385.0
0!213321F11041012230!!!!!!!,2021,4,112.0,125.0
0!213321F11041012230!!!!!!!,2021,5,133.0,82.0
0!213321F11041012230!!!!!!!,2021,6,1.0,16.0
0!213321F11041012230!!!!!!!,2021,7,0.0,18.0
0!213321F11041012230!!!!!!!,2021,8,0.0,17.0
0!213321F11041012230!!!!!!!,2021,9,0.0,15.0
0!213321F11041012230!!!!!!!,2021,10,0.0,15.0
0!213321F11041012230!!!!!!!,2021,11,0.0,15.0
0!213321F11041012230!!!!!!!,2021,12,0.0,17.0
0!213321F11041012230!!!!!!!,2022,1,0.0,17.0
0!213321F11041012230!!!!!!!,2022,2,1370.0,538.0
0!213321F11041012230!!!!!!!,2022,3,79.0,97.0
0!213321F11041012230!!!!!!!,2022,4,38.0,19.0
0!213321F11041012230!!!!!!!,2022,5,,17.0
0!213321F11041012230!!!!!!!,2022,6,,16.0
0!213321F11041012230!!!!!!!,2022,7,,18.0
0!213321F11041012230!!!!!!!,2022,8,,17.0
0!213321F11041013630!!!!!!!,2018,3,1592.0,1435.0
0!213321F11041013630!!!!!!!,2018,4,2490.0,1834.0
0!213321F11041013630!!!!!!!,2018,5,481.0,398.0
0!213321F11041013630!!!!!!!,2018,6,1.0,14.0
0!213321F11041013630!!!!!!!,2018,7,1014.0,891.0
0!213321F11041013630!!!!!!!,2018,8,41.0,81.0
0!213321F11041013630!!!!!!!,2018,9,11.0,23.0
0!213321F11041013630!!!!!!!,2018,10,1.0,21.0
0!213321F11041013630!!!!!!!,2018,11,103.0,541.0
0!213321F11041013630!!!!!!!,2018,12,188.0,268.0
0!213321F11041013630!!!!!!!,2019,1,1565.0,2684.0
0!213321F11041013630!!!!!!!,2019,2,632.0,855.0
0!213321F11041013630!!!!!!!,2019,3,516.0,996.0
0!213321F11041013630!!!!!!!,2019,4,1515.0,1390.0
0!213321F11041013630!!!!!!!,2019,5,370.0,341.0
0!213321F11041013630!!!!!!!,2019,6,286.0,354.0
0!213321F11041013630!!!!!!!,2019,7,297.0,919.0
0!213321F11041013630!!!!!!!,2019,8,349.0,620.0
0!213321F11041013630!!!!!!!,2019,9,260.0,160.0
0!213321F11041013630!!!!!!!,2019,10,0.0,122.0
0!213321F11041013630!!!!!!!,2019,11,0.0,118.0
0!213321F11041013630!!!!!!!,2019,12,573.0,224.0
0!213321F11041013630!!!!!!!,2020,1,1740.0,1388.0
0!213321F11041013630!!!!!!!,2020,2,68.0,132.0
0!213321F11041013630!!!!!!!,2020,3,0.0,21.0
0!213321F11041013630!!!!!!!,2020,4,5.0,27.0
0!213321F11041013630!!!!!!!,2020,5,1.0,70.0
0!213321F11041013630!!!!!!!,2020,6,1.0,50.0
0!213321F11041013630!!!!!!!,2020,7,1094.0,1036.0
0!213321F11041013630!!!!!!!,2020,8,-10.0,20.0
0!213321F11041013630!!!!!!!,2020,9,951.0,671.0
0!213321F11041013630!!!!!!!,2020,10,36.0,18.0
0!213321F11041013630!!!!!!!,2020,11,9.0,13.0
0!213321F11041013630!!!!!!!,2020,12,1710.0,891.0
0!213321F11041013630!!!!!!!,2021,1,2865.0,2211.0
0!213321F11041013630!!!!!!!,2021,2,391.0,318.0
0!213321F11041013630!!!!!!!,2021,3,10.0,31.0
0!213321F11041013630!!!!!!!,2021,4,10.0,11.0
0!213321F11041013630!!!!!!!,2021,5,-1.0,13.0
0!213321F11041013630!!!!!!!,2021,6,0.0,69.0
0!213321F11041013630!!!!!!!,2021,7,0.0,16.0
0!213321F11041013630!!!!!!!,2021,8,0.0,24.0
0!213321F11041013630!!!!!!!,2021,9,0.0,27.0
0!213321F11041013630!!!!!!!,2021,10,-1.0,13.0
0!213321F11041013630!!!!!!!,2021,11,1.0,26.0
0!213321F11041013630!!!!!!!,2021,12,0.0,19.0
0!213321F11041013630!!!!!!!,2022,1,0.0,28.0
0!213321F11041013630!!!!!!!,2022,2,615.0,855.0
0!213321F11041013630!!!!!!!,2022,3,193.0,292.0
0!213321F11041013630!!!!!!!,2022,4,92.0,180.0
0!213321F11041013630!!!!!!!,2022,5,,28.0
0!213321F11041013630!!!!!!!,2022,6,,68.0
0!213321F11041013630!!!!!!!,2022,7,,15.0
0!213321F11041013630!!!!!!!,2022,8,,23.0
0!213321F11041014573!!!!!!!,2018,3,796.0,660.0
0!213321F11041014573!!!!!!!,2018,4,769.0,685.0
0!213321F11041014573!!!!!!!,2018,5,1700.0,1329.0
0!213321F11041014573!!!!!!!,2018,6,91.0,61.0
0!213321F11041013173!!!!!!!,2018,3,159.0,215.0
0!213321F11041013173!!!!!!!,2018,4,232.0,338.0
0!213321F11041013173!!!!!!!,2018,5,351.0,316.0
0!213321F11041013173!!!!!!!,2018,6,107.0,92.0
0!213321F11041013173!!!!!!!,2018,7,14.0,20.0
0!213321F11041014630!!!!!!!,2018,6,2592.0,1554.0
0!213321F11041014630!!!!!!!,2018,7,838.0,821.0
0!213321F11041014630!!!!!!!,2018,8,42.0,92.0
0!213321F11041014630!!!!!!!,2018,9,8.0,34.0
0!213321F11041014630!!!!!!!,2018,10,6.0,23.0
0!213321F11041014630!!!!!!!,2018,11,0.0,13.0
0!213321F11041014630!!!!!!!,2018,12,14.0,257.0
0!213321F11041014630!!!!!!!,2019,1,310.0,1137.0
0!213321F11041014630!!!!!!!,2019,2,96.0,193.0
0!213321F11041014630!!!!!!!,2019,3,112.0,370.0
0!213321F11041014630!!!!!!!,2019,4,276.0,440.0
0!213321F11041014630!!!!!!!,2019,5,33.0,220.0
0!213321F11041014630!!!!!!!,2019,6,661.0,649.0
0!213321F11041014630!!!!!!!,2019,7,724.0,822.0
0!213321F11041014630!!!!!!!,2019,8,75.0,196.0
0!213321F11041014630!!!!!!!,2019,9,5.0,0.0
0!213321F11041014630!!!!!!!,2019,10,7.0,0.0
0!213321F11041014630!!!!!!!,2019,11,5.0,0.0
0!213321F11041014630!!!!!!!,2019,12,40.0,0.0
0!213321F11041014630!!!!!!!,2020,1,221.0,583.0
0!213321F11041014630!!!!!!!,2020,2,261.0,455.0
0!213321F11041014630!!!!!!!,2020,3,76.0,101.0
0!213321F11041014630!!!!!!!,2020,4,35.0,23.0
0!213321F11041014630!!!!!!!,2020,5,459.0,898.0
0!213321F11041014630!!!!!!!,2020,6,2375.0,1647.0
0!213321F11041014630!!!!!!!,2020,7,691.0,640.0
0!213321F11041014630!!!!!!!,2020,8,3.0,16.0
0!213321F11041015670!!!!!!!,2018,6,569.0,448.0
0!213321F11041015670!!!!!!!,2018,7,0.0,22.0
0!213321F11041013230!!!!!!!,2018,7,183.0,294.0
0!213321F11041013230!!!!!!!,2018,8,66.0,27.0
0!213321F11041013230!!!!!!!,2018,9,2.0,0.0
0!213321F11041013230!!!!!!!,2018,10,1.0,26.0
0!213321F11041013230!!!!!!!,2018,11,0.0,45.0
0!213321F11041013230!!!!!!!,2018,12,10.0,49.0
0!213321F11041013230!!!!!!!,2019,1,74.0,362.0
0!213321F11041013230!!!!!!!,2019,2,8.0,14.0
0!213321F11041013230!!!!!!!,2019,3,15.0,104.0
0!213321F11041013230!!!!!!!,2019,4,19.0,179.0
0!213321F11041013230!!!!!!!,2019,5,12.0,8.0
0!213321F11041013230!!!!!!!,2019,6,792.0,409.0
0!213321F11041013230!!!!!!!,2019,7,952.0,703.0
0!213321F11041013230!!!!!!!,2019,8,287.0,230.0
0!213321F11041013230!!!!!!!,2019,9,0.0,0.0
0!213321F11041013230!!!!!!!,2019,10,1.0,0.0
0!213321F11041013230!!!!!!!,2019,11,3.0,0.0
0!213321F11041013230!!!!!!!,2019,12,16.0,0.0
0!213321F11041013230!!!!!!!,2020,1,60.0,210.0
0!213321F11041013230!!!!!!!,2020,2,48.0,83.0
0!213321F11041013230!!!!!!!,2020,3,62.0,84.0
0!213321F11041013230!!!!!!!,2020,4,11.0,8.0
0!213321F11041013230!!!!!!!,2020,5,123.0,228.0
0!213321F11041013230!!!!!!!,2020,6,302.0,298.0
0!213321F11041013230!!!!!!!,2020,7,787.0,598.0
0!213321F11041013230!!!!!!!,2020,8,348.0,258.0
0!213321F11041013230!!!!!!!,2020,9,40.0,27.0
0!213321F11041015570!!!!!!!,2018,7,139.0,138.0
0!213321F11041015570!!!!!!!,2018,8,13.0,29.0
0!213321F01000000063!!!!!!!,2019,2,1730.0,2503.0
0!213321F01000000063!!!!!!!,2019,3,2197.0,1589.0
0!213321F01000000063!!!!!!!,2019,4,2743.0,2495.0
0!213321F01000000063!!!!!!!,2019,5,1124.0,1100.0
0!213321F01000000063!!!!!!!,2019,6,748.0,2043.0
0!213321F01000000063!!!!!!!,2019,7,1419.0,1472.0
0!213321F01000000063!!!!!!!,2019,8,1827.0,1656.0
0!213321F01000000063!!!!!!!,2019,9,77.0,440.0
0!213321F01000000063!!!!!!!,2019,10,44.0,429.0
0!213321F01000000063!!!!!!!,2019,11,16.0,480.0
0!213321F01000000063!!!!!!!,2019,12,437.0,641.0
0!213321F01000000063!!!!!!!,2020,1,1387.0,2059.0
0!213321F01000000063!!!!!!!,2020,2,1642.0,1777.0
0!213321F01000000063!!!!!!!,2020,3,1546.0,1463.0
0!213321F01000000063!!!!!!!,2020,4,229.0,306.0
0!213321F01000000063!!!!!!!,2020,5,1043.0,1009.0
0!213321F01000000063!!!!!!!,2020,6,890.0,844.0
0!213321F01000000063!!!!!!!,2020,7,1502.0,1311.0
0!213321F01000000063!!!!!!!,2020,8,7.0,23.0
0!213321F01000000063!!!!!!!,2020,9,14.0,27.0
0!213321F01000000063!!!!!!!,2020,10,10.0,0.0
0!213321F01000000063!!!!!!!,2020,11,3.0,0.0
0!213321F01000000063!!!!!!!,2020,12,3.0,36.0
0!213321F01000000063!!!!!!!,2021,1,-1.0,10.0
0!213321F01000000063!!!!!!!,2021,2,603.0,896.0
0!213321F01000000063!!!!!!!,2021,3,1992.0,1767.0
0!213321F01000000063!!!!!!!,2021,4,227.0,256.0
0!213321F01000000063!!!!!!!,2021,5,2400.0,2583.0
0!213321F01000000063!!!!!!!,2021,6,10563.0,5126.0
0!213321F01000000063!!!!!!!,2021,7,3195.0,3244.0
0!213321F01000000063!!!!!!!,2021,8,2440.0,3541.0
0!213321F01000000063!!!!!!!,2021,9,617.0,663.0
0!213321F01000000063!!!!!!!,2021,10,300.0,516.0
0!213321F01000000063!!!!!!!,2021,11,1321.0,792.0
0!213321F01000000063!!!!!!!,2021,12,3227.0,1700.0
0!213321F01000000063!!!!!!!,2022,1,2998.0,1917.0
0!213321F01000000063!!!!!!!,2022,2,77.0,231.0
0!213321F01000000063!!!!!!!,2022,3,483.0,1734.0
0!213321F01000000063!!!!!!!,2022,4,2348.0,1326.0
0!213321F01000000063!!!!!!!,2022,5,,1829.0
0!213321F01000000063!!!!!!!,2022,6,,4074.0
0!213321F01000000063!!!!!!!,2022,7,,592.0
0!213321F01000000063!!!!!!!,2022,8,,423.0
0!213321F01000000061!!!!!!!,2019,3,1981.0,1471.0
0!213321F01000000061!!!!!!!,2019,4,1748.0,1491.0
0!213321F01000000061!!!!!!!,2019,5,626.0,1697.0
0!213321F01000000061!!!!!!!,2019,6,647.0,1174.0
0!213321F01000000061!!!!!!!,2019,7,608.0,1123.0
0!213321F01000000061!!!!!!!,2019,8,999.0,1109.0
0!213321F01000000061!!!!!!!,2019,9,21.0,76.0
0!213321F01000000061!!!!!!!,2019,10,1.0,79.0
0!213321F01000000061!!!!!!!,2019,11,-5.0,80.0
0!213321F01000000061!!!!!!!,2019,12,87.0,180.0
0!213321F01000000061!!!!!!!,2020,1,736.0,1137.0
0!213321F01000000061!!!!!!!,2020,2,1199.0,1216.0
0!213321F01000000061!!!!!!!,2020,3,671.0,838.0
0!213321F01000000061!!!!!!!,2020,4,196.0,318.0
0!213321F01000000061!!!!!!!,2020,5,1931.0,1664.0
0!213321F01000000061!!!!!!!,2020,6,1182.0,1026.0
0!213321F01000000061!!!!!!!,2020,7,26.0,42.0
0!213321F01000000061!!!!!!!,2020,8,1755.0,1095.0
0!213321F01000000061!!!!!!!,2020,9,142.0,96.0
0!213321F01000000061!!!!!!!,2020,10,1.0,16.0
0!213321F01000000061!!!!!!!,2020,11,3.0,16.0
0!213321F01000000061!!!!!!!,2020,12,0.0,27.0
0!213321F01000000061!!!!!!!,2021,1,2400.0,1639.0
0!213321F01000000061!!!!!!!,2021,2,1440.0,1614.0
0!213321F01000000061!!!!!!!,2021,3,1063.0,994.0
0!213321F01000000061!!!!!!!,2021,4,4.0,17.0
0!213321F01000000061!!!!!!!,2021,5,3151.0,2795.0
0!213321F01000000061!!!!!!!,2021,6,1401.0,1609.0
0!213321F01000000061!!!!!!!,2021,7,3922.0,3055.0
0!213321F01000000061!!!!!!!,2021,8,1135.0,1312.0
0!213321F01000000061!!!!!!!,2021,9,439.0,362.0
0!213321F01000000061!!!!!!!,2021,10,230.0,259.0
0!213321F01000000061!!!!!!!,2021,11,102.0,375.0
0!213321F01000000061!!!!!!!,2021,12,2251.0,1167.0
0!213321F01000000061!!!!!!!,2022,1,657.0,711.0
0!213321F01000000061!!!!!!!,2022,2,64.0,44.0
0!213321F01000000061!!!!!!!,2022,3,2181.0,3074.0
0!213321F01000000061!!!!!!!,2022,4,1875.0,1281.0
0!213321F01000000061!!!!!!!,2022,5,,3074.0
0!213321F01000000061!!!!!!!,2022,6,,1495.0
0!213321F01000000061!!!!!!!,2022,7,,443.0
0!213321F01000000061!!!!!!!,2022,8,,310.0
0!213321F01000000060!!!!!!!,2019,3,529.0,509.0
0!213321F01000000060!!!!!!!,2019,4,654.0,701.0
0!213321F01000000060!!!!!!!,2019,5,124.0,174.0
0!213321F01000000060!!!!!!!,2019,6,167.0,147.0
0!213321F01000000060!!!!!!!,2019,7,60.0,59.0
0!213321F01000000060!!!!!!!,2019,8,19.0,20.0
0!213321F01000000060!!!!!!!,2019,9,0.0,9.0
0!213321F01000000060!!!!!!!,2019,10,3.0,14.0
0!213321F01000000060!!!!!!!,2019,11,5.0,14.0
0!213321F01000000060!!!!!!!,2019,12,11.0,13.0
0!213321F01000000060!!!!!!!,2020,1,313.0,394.0
0!213321F01000000060!!!!!!!,2020,2,274.0,233.0
0!213321F01000000060!!!!!!!,2020,3,166.0,275.0
0!213321F01000000060!!!!!!!,2020,4,68.0,80.0
0!213321F01000000060!!!!!!!,2020,5,273.0,333.0
0!213321F01000000060!!!!!!!,2020,6,273.0,232.0
0!213321F01000000060!!!!!!!,2020,7,473.0,377.0
0!213321F01000000060!!!!!!!,2020,8,236.0,193.0
0!213321F01000000060!!!!!!!,2020,9,26.0,26.0
0!213321F01000000060!!!!!!!,2020,10,2.0,16.0
0!213321F01000000060!!!!!!!,2020,11,18.0,15.0
0!213321F01000000060!!!!!!!,2020,12,8.0,15.0
0!213321F01000000060!!!!!!!,2021,1,1074.0,922.0
0!213321F01000000060!!!!!!!,2021,2,226.0,244.0
0!213321F01000000060!!!!!!!,2021,3,1464.0,940.0
0!213321F01000000060!!!!!!!,2021,4,161.0,156.0
0!213321F01000000060!!!!!!!,2021,5,20.0,25.0
0!213321F01000000060!!!!!!!,2021,6,12.0,39.0
0!213321F01000000060!!!!!!!,2021,7,0.0,16.0
0!213321F01000000060!!!!!!!,2021,8,-1.0,15.0
0!213321F01000000060!!!!!!!,2021,9,0.0,15.0
0!213321F01000000060!!!!!!!,2021,10,0.0,15.0
0!213321F01000000060!!!!!!!,2021,11,0.0,13.0
0!213321F01000000060!!!!!!!,2021,12,0.0,16.0
0!213321F01000000060!!!!!!!,2022,1,0.0,18.0
0!213321F01000000060!!!!!!!,2022,2,0.0,18.0
0!213321F01000000060!!!!!!!,2022,3,2261.0,2390.0
0!213321F01000000060!!!!!!!,2022,4,1962.0,1817.0
0!213321F01000000060!!!!!!!,2022,5,,945.0
0!213321F01000000060!!!!!!!,2022,6,,1088.0
0!213321F01000000060!!!!!!!,2022,7,,352.0
0!213321F01000000060!!!!!!!,2022,8,,279.0
0!213321F01000000062!!!!!!!,2019,3,736.0,586.0
0!213321F01000000062!!!!!!!,2019,4,682.0,752.0
0!213321F01000000062!!!!!!!,2019,5,687.0,910.0
0!213321F01000000062!!!!!!!,2019,6,862.0,1260.0
0!213321F01000000062!!!!!!!,2019,7,838.0,955.0
0!213321F01000000062!!!!!!!,2019,8,1493.0,899.0
0!213321F01000000062!!!!!!!,2019,9,88.0,73.0
0!213321F01000000062!!!!!!!,2019,10,10.0,72.0
0!213321F01000000062!!!!!!!,2019,11,41.0,66.0
0!213321F01000000062!!!!!!!,2019,12,26.0,84.0
0!213321F01000000062!!!!!!!,2020,1,519.0,495.0
0!213321F01000000062!!!!!!!,2020,2,676.0,802.0
0!213321F01000000062!!!!!!!,2020,3,488.0,466.0
0!213321F01000000062!!!!!!!,2020,4,77.0,188.0
0!213321F01000000062!!!!!!!,2020,5,420.0,456.0
0!213321F01000000062!!!!!!!,2020,6,591.0,574.0
0!213321F01000000062!!!!!!!,2020,7,124.0,243.0
0!213321F01000000062!!!!!!!,2020,8,2.0,17.0
0!213321F01000000062!!!!!!!,2020,9,413.0,290.0
0!213321F01000000062!!!!!!!,2020,10,77.0,66.0
0!213321F01000000062!!!!!!!,2020,11,100.0,63.0
0!213321F01000000062!!!!!!!,2020,12,83.0,86.0
0!213321F01000000062!!!!!!!,2021,1,24.0,21.0
0!213321F01000000062!!!!!!!,2021,2,4.0,16.0
0!213321F01000000062!!!!!!!,2021,3,1425.0,1406.0
0!213321F01000000062!!!!!!!,2021,4,966.0,643.0
0!213321F01000000062!!!!!!!,2021,5,55.0,86.0
0!213321F01000000062!!!!!!!,2021,6,2824.0,2285.0
0!213321F01000000062!!!!!!!,2021,7,642.0,440.0
0!213321F01000000062!!!!!!!,2021,8,0.0,22.0
0!213321F01000000062!!!!!!!,2021,9,3.0,19.0
0!213321F01000000062!!!!!!!,2021,10,15.0,13.0
0!213321F01000000062!!!!!!!,2021,11,0.0,25.0
0!213321F01000000062!!!!!!!,2021,12,0.0,16.0
0!213321F01000000062!!!!!!!,2022,1,0.0,15.0
0!213321F01000000062!!!!!!!,2022,2,0.0,14.0
0!213321F01000000062!!!!!!!,2022,3,675.0,841.0
0!213321F01000000062!!!!!!!,2022,4,268.0,270.0
0!213321F01000000062!!!!!!!,2022,5,,1388.0
0!213321F01000000062!!!!!!!,2022,6,,1955.0
0!213321F01000000062!!!!!!!,2022,7,,463.0
0!213321F01000000062!!!!!!!,2022,8,,398.0
0!213321F01000000064!!!!!!!,2019,4,607.0,527.0
0!213321F01000000064!!!!!!!,2019,5,58.0,194.0
0!213321F01000000064!!!!!!!,2019,6,238.0,291.0
0!213321F01000000064!!!!!!!,2019,7,135.0,202.0
0!213321F01000000064!!!!!!!,2019,8,109.0,95.0
0!213321F01000000064!!!!!!!,2019,9,1.0,16.0
0!213321F01000000064!!!!!!!,2019,10,0.0,13.0
0!213321F01000000064!!!!!!!,2019,11,0.0,14.0
0!213321F01000000064!!!!!!!,2019,12,0.0,17.0
0!213321F01000000064!!!!!!!,2020,1,704.0,847.0
0!213321F01000000064!!!!!!!,2020,2,492.0,464.0
0!213321F01000000064!!!!!!!,2020,3,579.0,512.0
0!213321F01000000064!!!!!!!,2020,4,197.0,149.0
0!213321F01000000064!!!!!!!,2020,5,552.0,502.0
0!213321F01000000064!!!!!!!,2020,6,106.0,238.0
0!213321F01000000064!!!!!!!,2020,7,767.0,539.0
0!213321F01000000064!!!!!!!,2020,8,18.0,31.0
0!213321F01000000064!!!!!!!,2020,9,50.0,134.0
0!213321F01000000064!!!!!!!,2020,10,7.0,37.0
0!213321F01000000064!!!!!!!,2020,11,63.0,19.0
0!213321F01000000064!!!!!!!,2020,12,19.0,23.0
0!213321F01000000064!!!!!!!,2021,1,384.0,1011.0
0!213321F01000000064!!!!!!!,2021,2,2506.0,1302.0
0!213321F01000000064!!!!!!!,2021,3,416.0,388.0
0!213321F01000000064!!!!!!!,2021,4,1690.0,2127.0
0!213321F01000000064!!!!!!!,2021,5,1633.0,1137.0
0!213321F01000000064!!!!!!!,2021,6,85.0,177.0
0!213321F01000000064!!!!!!!,2021,7,7.0,45.0
0!213321F01000000064!!!!!!!,2021,8,16.0,32.0
0!213321F01000000064!!!!!!!,2021,9,11.0,19.0
0!213321F01000000064!!!!!!!,2021,10,30.0,15.0
0!213321F01000000064!!!!!!!,2021,11,0.0,22.0
0!213321F01000000064!!!!!!!,2021,12,0.0,15.0
0!213321F01000000064!!!!!!!,2022,1,0.0,5.0
0!213321F01000000064!!!!!!!,2022,2,0.0,14.0
0!213321F01000000064!!!!!!!,2022,3,936.0,885.0
0!213321F01000000064!!!!!!!,2022,4,3010.0,3110.0
0!213321F01000000064!!!!!!!,2022,5,,1135.0
0!213321F01000000064!!!!!!!,2022,6,,2100.0
0!213321F01000000064!!!!!!!,2022,7,,541.0
0!213321F01000000064!!!!!!!,2022,8,,435.0
0!213321F01000000058!!!!!!!,2019,4,45.0,232.0
0!213321F01000000058!!!!!!!,2019,5,0.0,64.0
0!213321F01000000058!!!!!!!,2019,6,37.0,90.0
0!213321F01000000058!!!!!!!,2019,7,9.0,70.0
0!213321F01000000058!!!!!!!,2019,8,147.0,144.0
0!213321F01000000058!!!!!!!,2019,9,1.0,0.0
0!213321F01000000058!!!!!!!,2019,10,1.0,4.0
0!213321F01000000058!!!!!!!,2019,11,2.0,0.0
0!213321F01000000058!!!!!!!,2019,12,4.0,0.0
0!213321F01000000058!!!!!!!,2020,1,47.0,2.0
0!213321F01000000058!!!!!!!,2020,2,53.0,78.0
0!213321F01000000058!!!!!!!,2020,3,68.0,25.0
0!213321F01000000058!!!!!!!,2020,4,20.0,0.0
0!213321F01000000058!!!!!!!,2020,5,185.0,192.0
0!213321F01000000058!!!!!!!,2020,6,311.0,305.0
0!213321F01000000058!!!!!!!,2020,7,547.0,443.0
0!213321F01000000058!!!!!!!,2020,8,225.0,198.0
0!213321F01000000058!!!!!!!,2020,9,4.0,26.0
0!213321F01000000058!!!!!!!,2020,10,2.0,19.0
0!213321F01000000058!!!!!!!,2020,11,21.0,25.0
0!213321F01000000058!!!!!!!,2020,12,50.0,41.0
0!213321F01000000058!!!!!!!,2021,1,91.0,74.0
0!213321F01000000058!!!!!!!,2021,2,31.0,39.0
0!213321F01000000065!!!!!!!,2019,4,1711.0,2168.0
0!213321F01000000065!!!!!!!,2019,5,784.0,2562.0
0!213321F01000000065!!!!!!!,2019,6,2834.0,1974.0
0!213321F01000000065!!!!!!!,2019,7,1409.0,1287.0
0!213321F01000000065!!!!!!!,2019,8,771.0,895.0
0!213321F01000000065!!!!!!!,2019,9,51.0,154.0
0!213321F01000000065!!!!!!!,2019,10,515.0,251.0
0!213321F01000000065!!!!!!!,2019,11,13.0,36.0
0!213321F01000000065!!!!!!!,2019,12,30.0,15.0
0!213321F01000000065!!!!!!!,2020,1,743.0,2411.0
0!213321F01000000065!!!!!!!,2020,2,1359.0,1541.0
0!213321F01000000065!!!!!!!,2020,3,867.0,662.0
0!213321F01000000065!!!!!!!,2020,4,315.0,614.0
0!213321F01000000065!!!!!!!,2020,5,1975.0,2127.0
0!213321F01000000065!!!!!!!,2020,6,2708.0,2395.0
0!213321F01000000065!!!!!!!,2020,7,1490.0,1417.0
0!213321F01000000065!!!!!!!,2020,8,580.0,571.0
0!213321F01000000065!!!!!!!,2020,9,203.0,210.0
0!213321F01000000065!!!!!!!,2020,10,19.0,30.0
0!213321F01000000065!!!!!!!,2020,11,1.0,0.0
0!213321F01000000065!!!!!!!,2020,12,1.0,15.0
0!213321F01000000065!!!!!!!,2021,1,3.0,18.0
0!213321F01000000065!!!!!!!,2021,2,2162.0,1890.0
0!213321F01000000065!!!!!!!,2021,3,300.0,322.0
0!213321F01000000065!!!!!!!,2021,4,5898.0,4664.0
0!213321F01000000065!!!!!!!,2021,5,5386.0,4664.0
0!213321F01000000065!!!!!!!,2021,6,5393.0,5126.0
0!213321F01000000065!!!!!!!,2021,7,4982.0,3415.0
0!213321F01000000065!!!!!!!,2021,8,1567.0,1499.0
0!213321F01000000065!!!!!!!,2021,9,934.0,1915.0
0!213321F01000000065!!!!!!!,2021,10,438.0,1148.0
0!213321F01000000065!!!!!!!,2021,11,1097.0,1270.0
0!213321F01000000065!!!!!!!,2021,12,2555.0,1681.0
0!213321F01000000065!!!!!!!,2022,1,1694.0,1395.0
0!213321F01000000065!!!!!!!,2022,2,2393.0,1696.0
0!213321F01000000065!!!!!!!,2022,3,1459.0,1404.0
0!213321F01000000065!!!!!!!,2022,4,4665.0,4664.0
0!213321F01000000065!!!!!!!,2022,5,,1217.0
0!213321F01000000065!!!!!!!,2022,6,,1684.0
0!213321F01000000065!!!!!!!,2022,7,,557.0
0!213321F01000000065!!!!!!!,2022,8,,164.0
0!213321F01000000066!!!!!!!,2019,4,60.0,85.0
0!213321F01000000066!!!!!!!,2019,5,1.0,0.0
0!213321F01000000066!!!!!!!,2019,6,31.0,11.0
0!213321F01000000066!!!!!!!,2019,7,2.0,9.0
0!213321F01000000066!!!!!!!,2019,8,10.0,12.0
0!213321F01000000066!!!!!!!,2019,9,10.0,4.0
0!213321F01000000066!!!!!!!,2019,10,0.0,0.0
0!213321F01000000066!!!!!!!,2019,11,1.0,4.0
0!213321F01000000066!!!!!!!,2019,12,8.0,13.0
0!213321F01000000066!!!!!!!,2020,1,7.0,35.0
0!213321F01000000066!!!!!!!,2020,2,1.0,0.0
0!213321F01000000066!!!!!!!,2020,3,9.0,18.0
0!213321F01000000066!!!!!!!,2020,4,5.0,4.0
0!213321F01000000066!!!!!!!,2020,5,25.0,64.0
0!213321F01000000066!!!!!!!,2020,6,20.0,31.0
0!213321F01000000066!!!!!!!,2020,7,44.0,61.0
0!213321F01000000066!!!!!!!,2020,8,7.0,50.0
0!213321F01000000066!!!!!!!,2020,9,10.0,0.0
0!213321F01000000066!!!!!!!,2020,10,19.0,-0.0
0!213321F01000000066!!!!!!!,2020,11,1.0,6.0
0!213321F01000000066!!!!!!!,2020,12,9.0,29.0
0!213321F01000000066!!!!!!!,2021,1,61.0,57.0
0!213321F01000000066!!!!!!!,2021,2,76.0,94.0
0!213321F01000000066!!!!!!!,2021,3,156.0,102.0
0!213321F01000000066!!!!!!!,2021,4,35.0,52.0
0!213321F01000000066!!!!!!!,2021,5,44.0,34.0
0!213321F01000000066!!!!!!!,2021,6,69.0,39.0
0!213321F01000000066!!!!!!!,2021,7,22.0,41.0
0!213321F01000000066!!!!!!!,2021,8,22.0,21.0
0!213321F01000000066!!!!!!!,2021,9,20.0,22.0
0!213321F01000000066!!!!!!!,2021,10,1.0,7.0
0!213321F01000000066!!!!!!!,2021,11,67.0,10.0
0!213321F01000000066!!!!!!!,2021,12,0.0,-0.0
0!213321F01000000059!!!!!!!,2019,4,425.0,1412.0
0!213321F01000000059!!!!!!!,2019,5,89.0,405.0
0!213321F01000000059!!!!!!!,2019,6,460.0,963.0
0!213321F01000000059!!!!!!!,2019,7,276.0,278.0
0!213321F01000000059!!!!!!!,2019,8,305.0,263.0
0!213321F01000000059!!!!!!!,2019,9,0.0,8.0
0!213321F01000000059!!!!!!!,2019,10,3.0,0.0
0!213321F01000000059!!!!!!!,2019,11,0.0,0.0
0!213321F01000000059!!!!!!!,2019,12,49.0,0.0
0!213321F01000000059!!!!!!!,2020,1,270.0,805.0
0!213321F01000000059!!!!!!!,2020,2,257.0,463.0
0!213321F01000000059!!!!!!!,2020,3,336.0,302.0
0!213321F01000000059!!!!!!!,2020,4,281.0,418.0
0!213321F01000000059!!!!!!!,2020,5,1972.0,1572.0
0!213321F01000000059!!!!!!!,2020,6,668.0,641.0
0!213321F01000000059!!!!!!!,2020,7,8.0,22.0
0!213321F01000000059!!!!!!!,2020,8,1.0,25.0
0!213321F01000000059!!!!!!!,2020,9,0.0,10.0
0!213321F01000000059!!!!!!!,2020,10,0.0,0.0
0!213321F01000000059!!!!!!!,2020,11,0.0,0.0
0!213321F01000000059!!!!!!!,2020,12,1444.0,1891.0
0!213321F01000000059!!!!!!!,2021,1,2105.0,1826.0
0!213321F01000000059!!!!!!!,2021,2,345.0,367.0
0!213321F01000000059!!!!!!!,2021,3,82.0,81.0
0!213321F01000000059!!!!!!!,2021,4,0.0,0.0
0!213321F01000000096!!!!!!!,2019,4,65.0,4.0
0!213321F01000000096!!!!!!!,2019,5,39.0,69.0
0!213321F01000000096!!!!!!!,2019,6,10.0,100.0
0!213321F01000000096!!!!!!!,2019,7,41.0,57.0
0!213321F01000000096!!!!!!!,2019,8,14.0,64.0
0!213321F01000000096!!!!!!!,2019,9,40.0,12.0
0!213321F01000000096!!!!!!!,2019,10,5.0,0.0
0!213321F01000000096!!!!!!!,2019,11,17.0,0.0
0!213321F01000000096!!!!!!!,2019,12,5.0,0.0
0!213321F01000000096!!!!!!!,2020,1,34.0,7.0
0!213321F01000000096!!!!!!!,2020,2,28.0,106.0
0!213321F01000000096!!!!!!!,2020,3,18.0,21.0
0!213321F01000000096!!!!!!!,2020,4,2.0,0.0
0!213321F01000000096!!!!!!!,2020,5,72.0,77.0
0!213321F01000000096!!!!!!!,2020,6,34.0,79.0
0!213321F01000000096!!!!!!!,2020,7,273.0,169.0
0!213321F01000000096!!!!!!!,2020,8,89.0,78.0
0!213321F01000000096!!!!!!!,2020,9,27.0,41.0
0!213321F01000000096!!!!!!!,2020,10,62.0,29.0
0!213321F01000000096!!!!!!!,2020,11,5.0,0.0
0!213321F01000000096!!!!!!!,2020,12,34.0,37.0
0!213321F01000000096!!!!!!!,2021,1,80.0,137.0
0!213321F01000000096!!!!!!!,2021,2,222.0,161.0
0!213321F01000000096!!!!!!!,2021,3,113.0,134.0
0!213321F01000000096!!!!!!!,2021,4,91.0,100.0
0!213321F01000000096!!!!!!!,2021,5,101.0,113.0
0!213321F01000000096!!!!!!!,2021,6,218.0,158.0
0!213321F01000000096!!!!!!!,2021,7,0.0,44.0
0!213321F01000000096!!!!!!!,2021,8,46.0,21.0
0!213321F01000000096!!!!!!!,2021,9,2.0,13.0
0!213321F01000000096!!!!!!!,2021,10,2.0,3.0
0!213321F01000000096!!!!!!!,2021,11,34.0,3.0
0!213321F01000000096!!!!!!!,2021,12,13.0,1.0
0!213321F01000000096!!!!!!!,2022,1,1.0,-0.0
0!213321F01000000096!!!!!!!,2022,2,186.0,275.0
0!213321F01000000096!!!!!!!,2022,3,210.0,601.0
0!213321F01000000096!!!!!!!,2022,4,526.0,216.0
0!213321F01000000096!!!!!!!,2022,5,,206.0
0!213321F01000000096!!!!!!!,2022,6,,279.0
0!213321F01000000096!!!!!!!,2022,7,,161.0
0!213321F01000000096!!!!!!!,2022,8,,108.0
0!213321F01000000097!!!!!!!,2019,4,279.0,216.0
0!213321F01000000097!!!!!!!,2019,5,31.0,34.0
0!213321F01000000097!!!!!!!,2019,6,10.0,51.0
0!213321F01000000097!!!!!!!,2019,7,16.0,31.0
0!213321F01000000097!!!!!!!,2019,8,58.0,71.0
0!213321F01000000097!!!!!!!,2019,9,0.0,25.0
0!213321F01000000097!!!!!!!,2019,10,2.0,25.0
0!213321F01000000097!!!!!!!,2019,11,0.0,15.0
0!213321F01000000097!!!!!!!,2019,12,0.0,21.0
0!213321F01000000097!!!!!!!,2020,1,33.0,63.0
0!213321F01000000097!!!!!!!,2020,2,141.0,58.0
0!213321F01000000097!!!!!!!,2020,3,16.0,47.0
0!213321F01000000097!!!!!!!,2020,4,0.0,57.0
0!213321F01000000097!!!!!!!,2020,5,94.0,119.0
0!213321F01000000097!!!!!!!,2020,6,18.0,81.0
0!213321F01000000097!!!!!!!,2020,7,126.0,115.0
0!213321F01000000097!!!!!!!,2020,8,28.0,35.0
0!213321F01000000097!!!!!!!,2020,9,8.0,34.0
0!213321F01000000097!!!!!!!,2020,10,20.0,35.0
0!213321F01000000097!!!!!!!,2020,11,0.0,35.0
0!213321F01000000097!!!!!!!,2020,12,3.0,39.0
0!213321F01000000097!!!!!!!,2021,1,34.0,77.0
0!213321F01000000097!!!!!!!,2021,2,71.0,86.0
0!213321F01000000097!!!!!!!,2021,3,68.0,55.0
0!213321F01000000097!!!!!!!,2021,4,15.0,20.0
0!213321F01000000097!!!!!!!,2021,5,4.0,14.0
0!213321F01000000097!!!!!!!,2021,6,0.0,16.0
0!213321F01000000097!!!!!!!,2021,7,0.0,16.0
0!213321F01000000097!!!!!!!,2021,8,0.0,14.0
0!213321F01000000097!!!!!!!,2021,9,0.0,14.0
0!213321F01000000097!!!!!!!,2021,10,0.0,14.0
0!213321F01000000097!!!!!!!,2021,11,0.0,14.0
0!213321F01000000097!!!!!!!,2021,12,0.0,14.0
0!213321F01000000097!!!!!!!,2022,1,0.0,17.0
0!213321F01000000097!!!!!!!,2022,2,136.0,183.0
0!213321F01000000097!!!!!!!,2022,3,77.0,82.0
0!213321F01000000097!!!!!!!,2022,4,195.0,67.0
0!213321F01000000097!!!!!!!,2022,5,,13.0
0!213321F01000000097!!!!!!!,2022,6,,18.0
0!213321F01000000097!!!!!!!,2022,7,,16.0
0!213321F01000000097!!!!!!!,2022,8,,13.0
0!213321F01000000068!!!!!!!,2019,5,1.0,0.0
0!213321F01000000068!!!!!!!,2019,6,17.0,2.0
0!213321F01000000068!!!!!!!,2019,7,1.0,0.0
0!213321F01000000068!!!!!!!,2019,8,4.0,33.0
0!213321F01000000068!!!!!!!,2019,9,8.0,0.0
0!213321F01000000068!!!!!!!,2019,10,2.0,0.0
0!213321F01000000068!!!!!!!,2019,11,0.0,0.0
0!213321F01000000068!!!!!!!,2019,12,0.0,0.0
0!213321F01000000068!!!!!!!,2020,1,38.0,48.0
0!213321F01000000068!!!!!!!,2020,2,24.0,127.0
0!213321F01000000068!!!!!!!,2020,3,11.0,24.0
0!213321F01000000068!!!!!!!,2020,4,0.0,7.0
0!213321F01000000068!!!!!!!,2020,5,69.0,122.0
0!213321F01000000068!!!!!!!,2020,6,43.0,145.0
0!213321F01000000068!!!!!!!,2020,7,211.0,152.0
0!213321F01000000068!!!!!!!,2020,8,85.0,82.0
0!213321F01000000068!!!!!!!,2020,9,23.0,27.0
0!213321F01000000068!!!!!!!,2020,10,187.0,85.0
0!213321F01000000068!!!!!!!,2020,11,15.0,41.0
0!213321F01000000068!!!!!!!,2020,12,26.0,32.0
0!213321F01000000068!!!!!!!,2021,1,54.0,109.0
0!213321F01000000068!!!!!!!,2021,2,104.0,99.0
0!213321F01000000068!!!!!!!,2021,3,244.0,238.0
0!213321F01000000068!!!!!!!,2021,4,258.0,195.0
0!213321F01000000068!!!!!!!,2021,5,132.0,146.0
0!213321F01000000068!!!!!!!,2021,6,217.0,184.0
0!213321F01000000068!!!!!!!,2021,7,51.0,54.0
0!213321F01000000068!!!!!!!,2021,8,10.0,25.0
0!213321F01000000068!!!!!!!,2021,9,6.0,16.0
0!213321F01000000068!!!!!!!,2021,10,14.0,3.0
0!213321F01000000068!!!!!!!,2021,11,6.0,3.0
0!213321F01000000068!!!!!!!,2021,12,0.0,1.0
0!213321F01000000068!!!!!!!,2022,1,0.0,0.0
0!213321F01000000068!!!!!!!,2022,2,1.0,7.0
0!213321F01000000068!!!!!!!,2022,3,-4.0,13.0
0!213321F01000000068!!!!!!!,2022,4,0.0,1.0
0!213321F01000000068!!!!!!!,2022,5,,0.0
0!213321F01000000068!!!!!!!,2022,6,,585.0
0!213321F01000000068!!!!!!!,2022,7,,24.0
0!213321F01000000068!!!!!!!,2022,8,,1.0
0!213321F01000000099!!!!!!!,2019,5,114.0,246.0
0!213321F01000000099!!!!!!!,2019,6,102.0,323.0
0!213321F01000000099!!!!!!!,2019,7,112.0,733.0
0!213321F01000000099!!!!!!!,2019,8,257.0,1086.0
0!213321F01000000099!!!!!!!,2019,9,70.0,205.0
0!213321F01000000099!!!!!!!,2019,10,14.0,222.0
0!213321F01000000099!!!!!!!,2019,11,5.0,3.0
0!213321F01000000099!!!!!!!,2019,12,81.0,0.0
0!213321F01000000099!!!!!!!,2020,1,839.0,961.0
0!213321F01000000099!!!!!!!,2020,2,605.0,734.0
0!213321F01000000099!!!!!!!,2020,3,470.0,559.0
0!213321F01000000099!!!!!!!,2020,4,467.0,391.0
0!213321F01000000099!!!!!!!,2020,5,1422.0,1191.0
0!213321F01000000099!!!!!!!,2020,6,726.0,762.0
0!213321F01000000099!!!!!!!,2020,7,21.0,23.0
0!213321F01000000099!!!!!!!,2020,8,5.0,4.0
0!213321F01000000099!!!!!!!,2020,9,1.0,-0.0
0!213321F01000000099!!!!!!!,2020,10,0.0,0.0
0!213321F01000000099!!!!!!!,2020,11,1.0,0.0
0!213321F01000000099!!!!!!!,2020,12,0.0,0.0
0!213321F01000000099!!!!!!!,2021,1,0.0,15.0
0!213321F01000000099!!!!!!!,2021,2,1698.0,1499.0
0!213321F01000000099!!!!!!!,2021,3,1187.0,1251.0
0!213321F01000000099!!!!!!!,2021,4,2808.0,2314.0
0!213321F01000000099!!!!!!!,2021,5,1248.0,1199.0
0!213321F01000000099!!!!!!!,2021,6,341.0,318.0
0!213321F01000000099!!!!!!!,2021,7,6.0,28.0
0!213321F01000000099!!!!!!!,2021,8,466.0,477.0
0!213321F01000000099!!!!!!!,2021,9,396.0,283.0
0!213321F01000000099!!!!!!!,2021,10,23.0,40.0
0!213321F01000000099!!!!!!!,2021,11,43.0,15.0
0!213321F01000000099!!!!!!!,2021,12,24.0,10.0
0!213321F01000000070!!!!!!!,2019,5,15.0,32.0
0!213321F01000000070!!!!!!!,2019,6,6.0,44.0
0!213321F01000000070!!!!!!!,2019,7,14.0,39.0
0!213321F01000000070!!!!!!!,2019,8,33.0,37.0
0!213321F01000000070!!!!!!!,2019,9,12.0,5.0
0!213321F01000000070!!!!!!!,2019,10,159.0,43.0
0!213321F01000000070!!!!!!!,2019,11,0.0,3.0
0!213321F01000000070!!!!!!!,2019,12,10.0,7.0
0!213321F01000000070!!!!!!!,2020,1,34.0,56.0
0!213321F01000000070!!!!!!!,2020,2,35.0,49.0
0!213321F01000000070!!!!!!!,2020,3,20.0,47.0
0!213321F01000000070!!!!!!!,2020,4,3.0,53.0
0!213321F01000000070!!!!!!!,2020,5,123.0,102.0
0!213321F01000000070!!!!!!!,2020,6,35.0,73.0
0!213321F01000000070!!!!!!!,2020,7,106.0,100.0
0!213321F01000000070!!!!!!!,2020,8,31.0,36.0
0!213321F01000000070!!!!!!!,2020,9,12.0,32.0
0!213321F01000000070!!!!!!!,2020,10,85.0,16.0
0!213321F01000000070!!!!!!!,2020,11,7.0,25.0
0!213321F01000000070!!!!!!!,2020,12,4.0,23.0
0!213321F01000000070!!!!!!!,2021,1,19.0,29.0
0!213321F01000000070!!!!!!!,2021,2,35.0,27.0
0!213321F01000000070!!!!!!!,2021,3,43.0,15.0
0!213321F01000000070!!!!!!!,2021,4,1.0,0.0
0!213321F01000000070!!!!!!!,2021,5,1.0,0.0
0!213321F01000000070!!!!!!!,2021,6,2.0,0.0
0!213321F01000000070!!!!!!!,2021,7,2.0,2.0
0!213321F01000000070!!!!!!!,2021,8,0.0,1.0
0!213321F01000000070!!!!!!!,2021,9,0.0,1.0
0!213321F01000000070!!!!!!!,2021,10,0.0,0.0
0!213321F01000000070!!!!!!!,2021,11,0.0,0.0
0!213321F01000000070!!!!!!!,2021,12,0.0,0.0
0!213321F01000000070!!!!!!!,2022,1,0.0,0.0
0!213321F01000000070!!!!!!!,2022,2,0.0,2.0
0!213321F01000000070!!!!!!!,2022,3,0.0,0.0
0!213321F01000000070!!!!!!!,2022,4,1.0,0.0
0!213321F01000000070!!!!!!!,2022,5,,0.0
0!213321F01000000070!!!!!!!,2022,6,,0.0
0!213321F01000000070!!!!!!!,2022,7,,2.0
0!213321F01000000070!!!!!!!,2022,8,,1.0
0!213321F01000000165!!!!!!!,2020,2,51.0,132.0
0!213321F01000000165!!!!!!!,2020,3,8.0,15.0
0!213321F01000000165!!!!!!!,2020,4,7.0,14.0
0!213321F01000000165!!!!!!!,2020,5,3.0,15.0
0!213321F01000000165!!!!!!!,2020,6,0.0,16.0
0!213321F01000000165!!!!!!!,2020,7,0.0,15.0
0!213321F01000000165!!!!!!!,2020,8,0.0,15.0
0!213321F01000000165!!!!!!!,2020,9,-1.0,14.0
0!213321F01000000165!!!!!!!,2020,10,0.0,14.0
0!213321F01000000165!!!!!!!,2020,11,0.0,14.0
0!213321F01000000165!!!!!!!,2020,12,0.0,14.0
0!213321F01000000165!!!!!!!,2021,1,0.0,15.0
0!213321F01000000165!!!!!!!,2021,2,251.0,279.0
0!213321F01000000165!!!!!!!,2021,3,348.0,342.0
0!213321F01000000165!!!!!!!,2021,4,162.0,156.0
0!213321F01000000165!!!!!!!,2021,5,70.0,119.0
0!213321F01000000165!!!!!!!,2021,6,84.0,101.0
0!213321F01000000165!!!!!!!,2021,7,10.0,25.0
0!213321F01000000165!!!!!!!,2021,8,8.0,15.0
0!213321F01000000165!!!!!!!,2021,9,6.0,15.0
0!213321F01000000165!!!!!!!,2021,10,0.0,14.0
0!213321F01000000165!!!!!!!,2021,11,1.0,14.0
0!213321F01000000165!!!!!!!,2021,12,0.0,14.0
0!213321F01000000165!!!!!!!,2022,1,0.0,15.0
0!213321F01000000165!!!!!!!,2022,2,-1.0,17.0
0!213321F01000000165!!!!!!!,2022,3,271.0,320.0
0!213321F01000000165!!!!!!!,2022,4,631.0,572.0
0!213321F01000000165!!!!!!!,2022,5,,209.0
0!213321F01000000165!!!!!!!,2022,6,,178.0
0!213321F01000000165!!!!!!!,2022,7,,327.0
0!213321F01000000165!!!!!!!,2022,8,,173.0
0!213321F01000000192!!!!!!!,2020,8,371.0,327.0
0!213321F01000000192!!!!!!!,2020,9,147.0,96.0
0!213321F01000000192!!!!!!!,2020,10,11.0,45.0
0!213321F01000000192!!!!!!!,2020,11,79.0,56.0
0!213321F01000000192!!!!!!!,2020,12,214.0,194.0
0!213321F01000000192!!!!!!!,2021,1,125.0,149.0
0!213321F01000000192!!!!!!!,2021,2,299.0,1303.0
0!213321F01000000192!!!!!!!,2021,3,2234.0,1691.0
0!213321F01000000192!!!!!!!,2021,4,784.0,724.0
0!213321F01000000192!!!!!!!,2021,5,113.0,201.0
0!213321F01000000192!!!!!!!,2021,6,328.0,505.0
0!213321F01000000192!!!!!!!,2021,7,59.0,190.0
0!213321F01000000192!!!!!!!,2021,8,310.0,222.0
0!213321F01000000192!!!!!!!,2021,9,18.0,12.0
0!213321F01000000193!!!!!!!,2020,8,1934.0,1486.0
0!213321F01000000193!!!!!!!,2020,9,99.0,125.0
0!213321F01000000193!!!!!!!,2020,10,11.0,21.0
0!213321F01000000193!!!!!!!,2020,11,2.0,0.0
0!213321F01000000193!!!!!!!,2020,12,11.0,64.0
0!213321F01000000193!!!!!!!,2021,1,1.0,11.0
0!213321F01000000193!!!!!!!,2021,2,789.0,821.0
0!213321F01000000193!!!!!!!,2021,3,1728.0,1929.0
0!213321F01000000193!!!!!!!,2021,4,392.0,340.0
0!213321F01000000193!!!!!!!,2021,5,12.0,55.0
0!213321F01000000277!!!!!!!,2021,4,1261.0,1258.0
0!213321F01000000277!!!!!!!,2021,5,973.0,1057.0
0!213321F01000000277!!!!!!!,2021,6,1195.0,977.0
0!213321F01000000277!!!!!!!,2021,7,173.0,232.0
0!213321F01000000277!!!!!!!,2021,8,211.0,171.0
0!213321F01000000277!!!!!!!,2021,9,130.0,74.0
0!213321F01000000277!!!!!!!,2021,10,37.0,14.0
0!213321F01000000277!!!!!!!,2021,11,0.0,2.0
0!213321F01000000277!!!!!!!,2021,12,0.0,1.0
0!213321F01000000261!!!!!!!,2021,5,1298.0,968.0
0!213321F01000000261!!!!!!!,2021,6,21.0,49.0
0!213321F01000000261!!!!!!!,2021,7,3.0,16.0
0!213321F01000000261!!!!!!!,2021,8,-1.0,15.0
0!213321F01000000261!!!!!!!,2021,9,0.0,14.0
0!213321F01000000261!!!!!!!,2021,10,2.0,14.0
0!213321F01000000261!!!!!!!,2021,11,6.0,14.0
0!213321F01000000261!!!!!!!,2021,12,11.0,14.0
0!213321F01000000261!!!!!!!,2022,1,2390.0,2480.0
0!213321F01000000261!!!!!!!,2022,2,561.0,752.0
0!213321F01000000261!!!!!!!,2022,3,600.0,1053.0
0!213321F01000000261!!!!!!!,2022,4,1670.0,849.0
0!213321F01000000261!!!!!!!,2022,5,,266.0
0!213321F01000000261!!!!!!!,2022,6,,350.0
0!213321F01000000261!!!!!!!,2022,7,,496.0
0!213321F01000000261!!!!!!!,2022,8,,227.0
0!213321F01000000251!!!!!!!,2021,5,69.0,299.0
0!213321F01000000251!!!!!!!,2021,6,0.0,252.0
0!213321F01000000251!!!!!!!,2021,7,306.0,347.0
0!213321F01000000251!!!!!!!,2021,8,1463.0,1754.0
0!213321F01000000251!!!!!!!,2021,9,264.0,126.0
0!213321F01000000251!!!!!!!,2021,10,405.0,341.0
0!213321F01000000251!!!!!!!,2021,11,359.0,1104.0
0!213321F01000000251!!!!!!!,2021,12,1299.0,1266.0
0!213321F01000000251!!!!!!!,2022,1,2253.0,1494.0
0!213321F01000000251!!!!!!!,2022,2,672.0,508.0
0!213321F01000000251!!!!!!!,2022,3,167.0,891.0
0!213321F01000000251!!!!!!!,2022,4,648.0,489.0
0!213321F01000000251!!!!!!!,2022,5,,797.0
0!213321F01000000251!!!!!!!,2022,6,,771.0
0!213321F01000000251!!!!!!!,2022,7,,236.0
0!213321F01000000251!!!!!!!,2022,8,,186.0
0!213321F01000000288!!!!!!!,2021,6,1413.0,1098.0
0!213321F01000000288!!!!!!!,2021,7,119.0,65.0
0!213321F01000000288!!!!!!!,2021,8,0.0,22.0
0!213321F01000000288!!!!!!!,2021,9,0.0,21.0
0!213321F01000000288!!!!!!!,2021,10,0.0,21.0
0!213321F01000000288!!!!!!!,2021,11,0.0,21.0
0!213321F01000000288!!!!!!!,2021,12,0.0,22.0
0!213321F01000000288!!!!!!!,2022,1,0.0,22.0
0!213321F01000000288!!!!!!!,2022,2,0.0,29.0
0!213321F01000000288!!!!!!!,2022,3,0.0,25.0
0!213321F01000000288!!!!!!!,2022,4,0.0,21.0
0!213321F01000000288!!!!!!!,2022,5,,22.0
0!213321F01000000288!!!!!!!,2022,6,,28.0
0!213321F01000000288!!!!!!!,2022,7,,25.0
0!213321F01000000288!!!!!!!,2022,8,,22.0
0!213321F01000000262!!!!!!!,2021,6,1047.0,1109.0
0!213321F01000000262!!!!!!!,2021,7,157.0,118.0
0!213321F01000000262!!!!!!!,2021,8,20.0,8.0
0!213321F01000000262!!!!!!!,2021,9,0.0,3.0
0!213321F01000000262!!!!!!!,2021,10,-1.0,2.0
0!213321F01000000262!!!!!!!,2021,11,3.0,4.0
0!213321F01000000262!!!!!!!,2021,12,0.0,6.0
0!213321F01000000262!!!!!!!,2022,1,2112.0,1754.0
0!213321F01000000262!!!!!!!,2022,2,395.0,371.0
0!213321F01000000262!!!!!!!,2022,3,1089.0,1041.0
0!213321F01000000262!!!!!!!,2022,4,997.0,718.0
0!213321F01000000262!!!!!!!,2022,5,,164.0
0!213321F01000000262!!!!!!!,2022,6,,104.0
0!213321F01000000262!!!!!!!,2022,7,,595.0
0!213321F01000000262!!!!!!!,2022,8,,345.0
0!213321F01000000264!!!!!!!,2021,12,1658.0,844.0
0!213321F01000000264!!!!!!!,2022,1,3640.0,1494.0
0!213321F01000000264!!!!!!!,2022,2,880.0,560.0
0!213321F01000000264!!!!!!!,2022,3,275.0,1003.0
0!213321F01000000264!!!!!!!,2022,4,1074.0,996.0
0!213321F01000000264!!!!!!!,2022,5,,785.0
0!213321F01000000264!!!!!!!,2022,6,,605.0
0!213321F01000000264!!!!!!!,2022,7,,409.0
0!213321F01000000264!!!!!!!,2022,8,,292.0
0!213321F01000000266!!!!!!!,2022,2,470.0,416.0
0!213321F01000000266!!!!!!!,2022,3,240.0,847.0
0!213321F01000000266!!!!!!!,2022,4,257.0,684.0
0!213321F01000000266!!!!!!!,2022,5,,822.0
0!213321F01000000266!!!!!!!,2022,6,,995.0
0!213321F01000000266!!!!!!!,2022,7,,297.0
0!213321F01000000266!!!!!!!,2022,8,,303.0
0!213321F01000019200!!!!!!!,2022,2,825.0,498.0
0!213321F01000019200!!!!!!!,2022,3,461.0,789.0
0!213321F01000019200!!!!!!!,2022,4,993.0,757.0
0!213321F01000019200!!!!!!!,2022,5,,342.0
0!213321F01000019200!!!!!!!,2022,6,,331.0
0!213321F01000019200!!!!!!!,2022,7,,46.0
0!213321F01000019200!!!!!!!,2022,8,,19.0
0!213321F01000000269!!!!!!!,2022,2,345.0,707.0
0!213321F01000000269!!!!!!!,2022,3,460.0,867.0
0!213321F01000000269!!!!!!!,2022,4,834.0,526.0
0!213321F01000000269!!!!!!!,2022,5,,778.0
0!213321F01000000269!!!!!!!,2022,6,,728.0
0!213321F01000000269!!!!!!!,2022,7,,231.0
0!213321F01000000269!!!!!!!,2022,8,,188.0
0!213321F01000000267!!!!!!!,2022,2,470.0,561.0
0!213321F01000000267!!!!!!!,2022,3,145.0,721.0
0!213321F01000000267!!!!!!!,2022,4,478.0,448.0
0!213321F01000000267!!!!!!!,2022,5,,451.0
0!213321F01000000267!!!!!!!,2022,6,,788.0
0!213321F01000000267!!!!!!!,2022,7,,211.0
0!213321F01000000267!!!!!!!,2022,8,,190.0
0!213321F01000017800!!!!!!!,2022,2,1779.0,809.0
0!213321F01000017800!!!!!!!,2022,3,2354.0,894.0
0!213321F01000017800!!!!!!!,2022,4,1127.0,233.0
0!213321F01000017800!!!!!!!,2022,5,,17.0
0!213321F01000017800!!!!!!!,2022,6,,16.0
0!213321F01000017800!!!!!!!,2022,7,,119.0
0!213321F01000017800!!!!!!!,2022,8,,98.0
0!213321F01000000268!!!!!!!,2022,3,126.0,901.0
0!213321F01000000268!!!!!!!,2022,4,460.0,885.0
0!213321F01000017900!!!!!!!,2022,3,375.0,789.0
0!213321F01000017900!!!!!!!,2022,4,635.0,777.0
0!213321F01000017900!!!!!!!,2022,5,,708.0
0!213321F01000017900!!!!!!!,2022,6,,899.0
0!213321F01000017900!!!!!!!,2022,7,,224.0
0!213321F01000017900!!!!!!!,2022,8,,178.0
0!213321F01000018900!!!!!!!,2022,3,87.0,223.0
0!213321F01000018900!!!!!!!,2022,4,111.0,133.0
0!213321F01000018900!!!!!!!,2022,5,,108.0
0!213321F01000018900!!!!!!!,2022,6,,62.0
0!213321F01000018900!!!!!!!,2022,7,,18.0
0!213321F01000018900!!!!!!!,2022,8,,14.0
0!213321F01000017700!!!!!!!,2022,4,623.0,242.0
0!213321F01000017700!!!!!!!,2022,5,,14.0
0!213321F01000017700!!!!!!!,2022,6,,34.0
0!213321F01000017700!!!!!!!,2022,7,,1868.0
0!213321F01000017700!!!!!!!,2022,8,,201.0
0!213321F01000017400!!!!!!!,2022,4,159.0,333.0
0!213321F01000017400!!!!!!!,2022,5,,187.0
0!213321F01000017400!!!!!!!,2022,6,,729.0
0!213321F01000017400!!!!!!!,2022,7,,319.0
0!213321F01000017400!!!!!!!,2022,8,,281.0
0!213321F01000017500!!!!!!!,2022,5,,88.0
0!213321F01000017500!!!!!!!,2022,6,,876.0
0!213321F01000017500!!!!!!!,2022,7,,747.0
0!213321F01000017500!!!!!!!,2022,8,,430.0
0!213321F01000017300!!!!!!!,2022,5,,21.0
0!213321F01000017300!!!!!!!,2022,6,,647.0
0!213321F01000017300!!!!!!!,2022,7,,307.0
0!213321F01000017300!!!!!!!,2022,8,,287.0
0!213321F01000015500!!!!!!!,2022,5,,719.0
0!213321F01000015500!!!!!!!,2022,6,,1351.0
0!213321F01000015500!!!!!!!,2022,7,,1189.0
0!213321F01000015500!!!!!!!,2022,8,,218.0
0!213321F01000019100!!!!!!!,2022,5,,1173.0
0!213321F01000019100!!!!!!!,2022,6,,1314.0
0!213321F01000019100!!!!!!!,2022,7,,548.0
0!213321F01000019100!!!!!!!,2022,8,,268.0
0!213321F01000021100!!!!!!!,2022,5,,636.0
0!213321F01000021100!!!!!!!,2022,6,,207.0
0!213321F01000021100!!!!!!!,2022,7,,74.0
0!213321F01000021100!!!!!!!,2022,8,,43.0
0!213321F01000018100!!!!!!!,2022,5,,16.0
0!213321F01000018100!!!!!!!,2022,6,,37.0
0!213321F01000018100!!!!!!!,2022,7,,29.0
0!213321F01000018100!!!!!!!,2022,8,,236.0
0!213321F01000000270!!!!!!!,2022,5,,21.0
0!213321F01000000270!!!!!!!,2022,6,,56.0
0!213321F01000000270!!!!!!!,2022,7,,186.0
0!213321F01000000270!!!!!!!,2022,8,,125.0
0!213321F01000021600!!!!!!!,2022,5,,2.0
0!213321F01000021600!!!!!!!,2022,6,,1514.0
0!213321F01000021600!!!!!!!,2022,7,,569.0
0!213321F01000021600!!!!!!!,2022,8,,638.0
